Group,SubjectID,Session,Epoch,RT1_ms
master,sub-52,ss01,1,23022.0
master,sub-52,ss01,2,24916.0
master,sub-52,ss01,3,16502.0
master,sub-52,ss01,4,26262.0
master,sub-52,ss01,5,27604.0
master,sub-52,ss01,6,16414.0
master,sub-52,ss01,7,18002.0
master,sub-52,ss01,8,2250.0
master,sub-52,ss01,9,22088.0
master,sub-52,ss01,10,9262.0
master,sub-52,ss01,11,21324.0
master,sub-52,ss01,12,23186.0
master,sub-52,ss01,13,15356.0
master,sub-52,ss01,14,26790.0
master,sub-52,ss01,15,16508.0
master,sub-52,ss01,16,8552.0
master,sub-52,ss01,17,14188.0
master,sub-52,ss01,18,27298.0
master,sub-52,ss01,19,8640.0
master,sub-52,ss01,20,4286.0
master,sub-52,ss01,21,27934.0
master,sub-52,ss01,22,28574.0
master,sub-52,ss01,23,10188.0
master,sub-52,ss01,24,25634.0
master,sub-52,ss01,25,14924.0
master,sub-52,ss01,26,6330.0
master,sub-52,ss01,27,3966.0
master,sub-52,ss01,28,8962.0
master,sub-52,ss01,29,16662.0
master,sub-52,ss01,30,20772.0
master,sub-52,ss02,1,57826.0
master,sub-52,ss02,2,3136.0
master,sub-52,ss02,3,30528.0
master,sub-52,ss02,4,6648.0
master,sub-52,ss02,5,5380.0
master,sub-52,ss02,6,40760.0
master,sub-52,ss02,7,37580.0
master,sub-52,ss02,8,31532.0
master,sub-52,ss02,9,56734.0
master,sub-52,ss02,10,18544.0
master,sub-52,ss02,11,39548.0
master,sub-52,ss02,12,38432.0
master,sub-52,ss02,13,24210.0
master,sub-52,ss02,14,47096.0
master,sub-52,ss02,15,16144.0
master,sub-52,ss02,16,11478.0
master,sub-52,ss02,17,35268.0
master,sub-52,ss02,18,31828.0
master,sub-52,ss02,19,43420.0
master,sub-52,ss02,20,58322.0
master,sub-52,ss02,21,28434.0
master,sub-52,ss02,22,17048.0
master,sub-52,ss02,23,14106.0
master,sub-52,ss02,24,24354.0
master,sub-52,ss02,25,26704.0
master,sub-52,ss02,26,43844.0
master,sub-52,ss02,27,22342.0
master,sub-52,ss02,28,20902.0
master,sub-52,ss02,29,13082.0
master,sub-52,ss02,30,31884.0
master,sub-52,ss03,1,22458.0
master,sub-52,ss03,2,56628.0
master,sub-52,ss03,3,22058.0
master,sub-52,ss03,4,57940.0
master,sub-52,ss03,5,58922.0
master,sub-52,ss03,6,22754.0
master,sub-52,ss03,7,33184.0
master,sub-52,ss03,8,26282.0
master,sub-52,ss03,9,58858.0
master,sub-52,ss03,10,52126.0
master,sub-52,ss03,11,27458.0
master,sub-52,ss03,12,57590.0
master,sub-52,ss03,13,39352.0
master,sub-52,ss03,14,24510.0
master,sub-52,ss03,15,57278.0
master,sub-52,ss03,16,57538.0
master,sub-52,ss03,17,56392.0
master,sub-52,ss03,18,16086.0
master,sub-52,ss03,19,55570.0
master,sub-52,ss03,20,58486.0
master,sub-52,ss03,21,57898.0
master,sub-52,ss03,22,58594.0
master,sub-52,ss03,23,42034.0
master,sub-52,ss03,24,17280.0
master,sub-52,ss03,25,46142.0
master,sub-52,ss03,26,55354.0
master,sub-52,ss03,27,11890.0
master,sub-52,ss03,28,35454.0
master,sub-52,ss03,29,47692.0
master,sub-52,ss03,30,57278.0
master,sub-55,ss01,1,26972.0
master,sub-55,ss01,2,19586.0
master,sub-55,ss01,3,26338.0
master,sub-55,ss01,4,25856.0
master,sub-55,ss01,5,27430.0
master,sub-55,ss01,6,20350.0
master,sub-55,ss01,7,26016.0
master,sub-55,ss01,8,27836.0
master,sub-55,ss01,9,27416.0
master,sub-55,ss01,10,28482.0
master,sub-55,ss01,11,27322.0
master,sub-55,ss01,12,28454.0
master,sub-55,ss01,13,27998.0
master,sub-55,ss01,14,27138.0
master,sub-55,ss01,15,27326.0
master,sub-55,ss01,16,25502.0
master,sub-55,ss01,17,24216.0
master,sub-55,ss01,18,23224.0
master,sub-55,ss01,19,26918.0
master,sub-55,ss01,20,23454.0
master,sub-55,ss01,21,26964.0
master,sub-55,ss01,22,27504.0
master,sub-55,ss01,23,27748.0
master,sub-55,ss01,24,24840.0
master,sub-55,ss01,25,28520.0
master,sub-55,ss01,26,22858.0
master,sub-55,ss01,27,27458.0
master,sub-55,ss01,28,27988.0
master,sub-55,ss01,29,22814.0
master,sub-55,ss01,30,11144.0
master,sub-55,ss02,1,17224.0
master,sub-55,ss02,2,30538.0
master,sub-55,ss02,3,47684.0
master,sub-55,ss02,4,58130.0
master,sub-55,ss02,5,49562.0
master,sub-55,ss02,6,58270.0
master,sub-55,ss02,7,22316.0
master,sub-55,ss02,8,54466.0
master,sub-55,ss02,9,50986.0
master,sub-55,ss02,10,57250.0
master,sub-55,ss02,11,27770.0
master,sub-55,ss02,12,34210.0
master,sub-55,ss02,13,34416.0
master,sub-55,ss02,14,16844.0
master,sub-55,ss02,15,36272.0
master,sub-55,ss02,16,23866.0
master,sub-55,ss02,17,9194.0
master,sub-55,ss02,18,57744.0
master,sub-55,ss02,19,22008.0
master,sub-55,ss02,20,46576.0
master,sub-55,ss02,21,58116.0
master,sub-55,ss02,22,21776.0
master,sub-55,ss02,23,15082.0
master,sub-55,ss02,24,35872.0
master,sub-55,ss02,25,52562.0
master,sub-55,ss02,26,54974.0
master,sub-55,ss02,27,21372.0
master,sub-55,ss02,28,57456.0
master,sub-55,ss02,29,14872.0
master,sub-55,ss02,30,56072.0
master,sub-55,ss03,1,57536.0
master,sub-55,ss03,2,56506.0
master,sub-55,ss03,3,57314.0
master,sub-55,ss03,4,54704.0
master,sub-55,ss03,5,57874.0
master,sub-55,ss03,6,58462.0
master,sub-55,ss03,7,47048.0
master,sub-55,ss03,8,56676.0
master,sub-55,ss03,9,57730.0
master,sub-55,ss03,10,35030.0
master,sub-55,ss03,11,58268.0
master,sub-55,ss03,12,50874.0
master,sub-55,ss03,13,48548.0
master,sub-55,ss03,14,57786.0
master,sub-55,ss03,15,58124.0
master,sub-55,ss03,16,43146.0
master,sub-55,ss03,17,50062.0
master,sub-55,ss03,18,57830.0
master,sub-55,ss03,19,53818.0
master,sub-55,ss03,20,58186.0
master,sub-55,ss03,21,58810.0
master,sub-55,ss03,22,57938.0
master,sub-55,ss03,23,57320.0
master,sub-55,ss03,24,32660.0
master,sub-55,ss03,25,49980.0
master,sub-55,ss03,26,58488.0
master,sub-55,ss03,27,58294.0
master,sub-55,ss03,28,43856.0
master,sub-55,ss03,29,56334.0
master,sub-55,ss03,30,50496.0
master,sub-56,ss01,1,11110.0
master,sub-56,ss01,2,21822.0
master,sub-56,ss01,3,16792.0
master,sub-56,ss01,4,22642.0
master,sub-56,ss01,5,23676.0
master,sub-56,ss01,6,25554.0
master,sub-56,ss01,7,27032.0
master,sub-56,ss01,8,28724.0
master,sub-56,ss01,9,24016.0
master,sub-56,ss01,10,25102.0
master,sub-56,ss01,11,7836.0
master,sub-56,ss01,12,7448.0
master,sub-56,ss01,13,15010.0
master,sub-56,ss01,14,12488.0
master,sub-56,ss01,15,25104.0
master,sub-56,ss01,16,21246.0
master,sub-56,ss01,17,26974.0
master,sub-56,ss01,18,26974.0
master,sub-56,ss01,19,24932.0
master,sub-56,ss01,20,12658.0
master,sub-56,ss01,21,4832.0
master,sub-56,ss01,22,16678.0
master,sub-56,ss01,23,24306.0
master,sub-56,ss01,24,25808.0
master,sub-56,ss01,25,24816.0
master,sub-56,ss01,26,26010.0
master,sub-56,ss01,27,11738.0
master,sub-56,ss01,28,4682.0
master,sub-56,ss01,29,5844.0
master,sub-56,ss01,30,25734.0
master,sub-56,ss02,1,11468.0
master,sub-56,ss02,2,24914.0
master,sub-56,ss02,3,24104.0
master,sub-56,ss02,4,12012.0
master,sub-56,ss02,5,18770.0
master,sub-56,ss02,6,25104.0
master,sub-56,ss02,7,29156.0
master,sub-56,ss02,8,38396.0
master,sub-56,ss02,9,17730.0
master,sub-56,ss02,10,27210.0
master,sub-56,ss02,11,3750.0
master,sub-56,ss02,12,55176.0
master,sub-56,ss02,13,33168.0
master,sub-56,ss02,14,41516.0
master,sub-56,ss02,15,15212.0
master,sub-56,ss02,16,14276.0
master,sub-56,ss02,17,8614.0
master,sub-56,ss02,18,32626.0
master,sub-56,ss02,19,15518.0
master,sub-56,ss02,20,18540.0
master,sub-56,ss02,21,32988.0
master,sub-56,ss02,22,34328.0
master,sub-56,ss02,23,7684.0
master,sub-56,ss02,24,25502.0
master,sub-56,ss02,25,9984.0
master,sub-56,ss02,26,29802.0
master,sub-56,ss02,27,51922.0
master,sub-56,ss02,28,10886.0
master,sub-56,ss02,29,45464.0
master,sub-56,ss02,30,33326.0
master,sub-56,ss03,1,26232.0
master,sub-56,ss03,2,55682.0
master,sub-56,ss03,3,32546.0
master,sub-56,ss03,4,48954.0
master,sub-56,ss03,5,28942.0
master,sub-56,ss03,6,41668.0
master,sub-56,ss03,7,17132.0
master,sub-56,ss03,8,19744.0
master,sub-56,ss03,9,52156.0
master,sub-56,ss03,10,49522.0
master,sub-56,ss03,11,45662.0
master,sub-56,ss03,12,29804.0
master,sub-56,ss03,13,29520.0
master,sub-56,ss03,14,32132.0
master,sub-56,ss03,15,24740.0
master,sub-56,ss03,16,15530.0
master,sub-56,ss03,17,41294.0
master,sub-56,ss03,18,43968.0
master,sub-56,ss03,19,54592.0
master,sub-56,ss03,20,52664.0
master,sub-56,ss03,21,40464.0
master,sub-56,ss03,22,48354.0
master,sub-56,ss03,23,29234.0
master,sub-56,ss03,24,23760.0
master,sub-56,ss03,25,50040.0
master,sub-56,ss03,26,57082.0
master,sub-56,ss03,27,21882.0
master,sub-56,ss03,28,51260.0
master,sub-56,ss03,29,13054.0
master,sub-56,ss03,30,17794.0
master,sub-57,ss01,1,14814.0
master,sub-57,ss01,2,24886.0
master,sub-57,ss01,3,3754.0
master,sub-57,ss01,4,15230.0
master,sub-57,ss01,5,12072.0
master,sub-57,ss01,6,18796.0
master,sub-57,ss01,7,5386.0
master,sub-57,ss01,8,2074.0
master,sub-57,ss01,9,20612.0
master,sub-57,ss01,10,6510.0
master,sub-57,ss01,11,8274.0
master,sub-57,ss01,12,15816.0
master,sub-57,ss01,13,17902.0
master,sub-57,ss01,14,3546.0
master,sub-57,ss01,15,19866.0
master,sub-57,ss01,16,24942.0
master,sub-57,ss01,17,12154.0
master,sub-57,ss01,18,9750.0
master,sub-57,ss01,19,14708.0
master,sub-57,ss01,20,4538.0
master,sub-57,ss01,21,18554.0
master,sub-57,ss01,22,12010.0
master,sub-57,ss01,23,3906.0
master,sub-57,ss01,24,4272.0
master,sub-57,ss01,25,8656.0
master,sub-57,ss01,26,23002.0
master,sub-57,ss01,27,5010.0
master,sub-57,ss01,28,17952.0
master,sub-57,ss01,29,14242.0
master,sub-57,ss01,30,9982.0
master,sub-57,ss02,1,2790.0
master,sub-57,ss02,2,27162.0
master,sub-57,ss02,3,4940.0
master,sub-57,ss02,4,13956.0
master,sub-57,ss02,5,6496.0
master,sub-57,ss02,6,11906.0
master,sub-57,ss02,8,27630.0
master,sub-57,ss02,9,43748.0
master,sub-57,ss02,10,15542.0
master,sub-57,ss02,11,2602.0
master,sub-57,ss02,12,15060.0
master,sub-57,ss02,13,8048.0
master,sub-57,ss02,14,13174.0
master,sub-57,ss02,15,41268.0
master,sub-57,ss02,16,28320.0
master,sub-57,ss02,17,9768.0
master,sub-57,ss02,18,20660.0
master,sub-57,ss02,19,4432.0
master,sub-57,ss02,21,5278.0
master,sub-57,ss02,22,3642.0
master,sub-57,ss02,23,9340.0
master,sub-57,ss02,24,10248.0
master,sub-57,ss02,25,4868.0
master,sub-57,ss02,26,39770.0
master,sub-57,ss02,27,6966.0
master,sub-57,ss02,28,11848.0
master,sub-57,ss02,30,24152.0
master,sub-57,ss03,1,10828.0
master,sub-57,ss03,2,20484.0
master,sub-57,ss03,3,11282.0
master,sub-57,ss03,4,33590.0
master,sub-57,ss03,5,9890.0
master,sub-57,ss03,6,33056.0
master,sub-57,ss03,7,6836.0
master,sub-57,ss03,8,22080.0
master,sub-57,ss03,9,24226.0
master,sub-57,ss03,10,27496.0
master,sub-57,ss03,11,19244.0
master,sub-57,ss03,12,15200.0
master,sub-57,ss03,13,19400.0
master,sub-57,ss03,14,25350.0
master,sub-57,ss03,15,27566.0
master,sub-57,ss03,16,32902.0
master,sub-57,ss03,17,19420.0
master,sub-57,ss03,18,10754.0
master,sub-57,ss03,19,31568.0
master,sub-57,ss03,20,25792.0
master,sub-57,ss03,21,12380.0
master,sub-57,ss03,22,12370.0
master,sub-57,ss03,23,30972.0
master,sub-57,ss03,24,19252.0
master,sub-57,ss03,25,29250.0
master,sub-57,ss03,26,38470.0
master,sub-57,ss03,27,21870.0
master,sub-57,ss03,28,8508.0
master,sub-57,ss03,29,30224.0
master,sub-57,ss03,30,27976.0
master,sub-58,ss01,1,24846.0
master,sub-58,ss01,2,7560.0
master,sub-58,ss01,3,26638.0
master,sub-58,ss01,4,10410.0
master,sub-58,ss01,5,27190.0
master,sub-58,ss01,6,11320.0
master,sub-58,ss01,7,16420.0
master,sub-58,ss01,8,28196.0
master,sub-58,ss01,9,9474.0
master,sub-58,ss01,10,9956.0
master,sub-58,ss01,11,29438.0
master,sub-58,ss01,12,14476.0
master,sub-58,ss01,13,18098.0
master,sub-58,ss01,14,8962.0
master,sub-58,ss01,15,12184.0
master,sub-58,ss01,16,17510.0
master,sub-58,ss01,17,10558.0
master,sub-58,ss01,18,13630.0
master,sub-58,ss01,19,23086.0
master,sub-58,ss01,20,13248.0
master,sub-58,ss01,21,18652.0
master,sub-58,ss01,22,4680.0
master,sub-58,ss01,23,26544.0
master,sub-58,ss01,24,15418.0
master,sub-58,ss01,25,8936.0
master,sub-58,ss01,26,24112.0
master,sub-58,ss01,27,10840.0
master,sub-58,ss01,28,6922.0
master,sub-58,ss01,29,12150.0
master,sub-58,ss01,30,21260.0
master,sub-58,ss02,1,41544.0
master,sub-58,ss02,2,8130.0
master,sub-58,ss02,3,16236.0
master,sub-58,ss02,4,8744.0
master,sub-58,ss02,5,18854.0
master,sub-58,ss02,6,27914.0
master,sub-58,ss02,7,26726.0
master,sub-58,ss02,8,11468.0
master,sub-58,ss02,9,10624.0
master,sub-58,ss02,10,9590.0
master,sub-58,ss02,11,10372.0
master,sub-58,ss02,12,8308.0
master,sub-58,ss02,13,12158.0
master,sub-58,ss02,14,15098.0
master,sub-58,ss02,15,47102.0
master,sub-58,ss02,16,7132.0
master,sub-58,ss02,17,42112.0
master,sub-58,ss02,18,2828.0
master,sub-58,ss02,19,13396.0
master,sub-58,ss02,20,18516.0
master,sub-58,ss02,21,12540.0
master,sub-58,ss02,22,20530.0
master,sub-58,ss02,23,10668.0
master,sub-58,ss02,24,17180.0
master,sub-58,ss02,25,11422.0
master,sub-58,ss02,26,5834.0
master,sub-58,ss02,27,6264.0
master,sub-58,ss02,28,33354.0
master,sub-58,ss02,29,8034.0
master,sub-58,ss02,30,27156.0
master,sub-58,ss03,1,21172.0
master,sub-58,ss03,2,24586.0
master,sub-58,ss03,3,37266.0
master,sub-58,ss03,4,47128.0
master,sub-58,ss03,6,46130.0
master,sub-58,ss03,7,11456.0
master,sub-58,ss03,8,29176.0
master,sub-58,ss03,9,34320.0
master,sub-58,ss03,10,38352.0
master,sub-58,ss03,11,29716.0
master,sub-58,ss03,12,16126.0
master,sub-58,ss03,13,26342.0
master,sub-58,ss03,14,48768.0
master,sub-58,ss03,15,40590.0
master,sub-58,ss03,16,10454.0
master,sub-58,ss03,17,28556.0
master,sub-58,ss03,18,15494.0
master,sub-58,ss03,19,12984.0
master,sub-58,ss03,21,6778.0
master,sub-58,ss03,22,44322.0
master,sub-58,ss03,23,21996.0
master,sub-58,ss03,24,20198.0
master,sub-58,ss03,25,15936.0
master,sub-58,ss03,27,17798.0
master,sub-58,ss03,28,40910.0
master,sub-58,ss03,29,19418.0
master,sub-58,ss03,30,26064.0
master,sub-59,ss01,1,24978.0
master,sub-59,ss01,2,13288.0
master,sub-59,ss01,3,28170.0
master,sub-59,ss01,4,27428.0
master,sub-59,ss01,5,7668.0
master,sub-59,ss01,6,9352.0
master,sub-59,ss01,7,26900.0
master,sub-59,ss01,8,17326.0
master,sub-59,ss01,9,27652.0
master,sub-59,ss01,10,27378.0
master,sub-59,ss01,11,5994.0
master,sub-59,ss01,12,21248.0
master,sub-59,ss01,13,2684.0
master,sub-59,ss01,14,22528.0
master,sub-59,ss01,15,26798.0
master,sub-59,ss01,16,6500.0
master,sub-59,ss01,17,30000.0
master,sub-59,ss01,18,24880.0
master,sub-59,ss01,19,11600.0
master,sub-59,ss01,20,25630.0
master,sub-59,ss01,21,7454.0
master,sub-59,ss01,22,28182.0
master,sub-59,ss01,23,29022.0
master,sub-59,ss01,24,7974.0
master,sub-59,ss01,25,27890.0
master,sub-59,ss01,26,27748.0
master,sub-59,ss01,27,23806.0
master,sub-59,ss01,28,27008.0
master,sub-59,ss01,29,26060.0
master,sub-59,ss01,30,27712.0
master,sub-59,ss02,1,36394.0
master,sub-59,ss02,2,48628.0
master,sub-59,ss02,3,18710.0
master,sub-59,ss02,4,54122.0
master,sub-59,ss02,5,19178.0
master,sub-59,ss02,6,45870.0
master,sub-59,ss02,7,24746.0
master,sub-59,ss02,8,54154.0
master,sub-59,ss02,9,21876.0
master,sub-59,ss02,10,38534.0
master,sub-59,ss02,11,18600.0
master,sub-59,ss02,12,9796.0
master,sub-59,ss02,13,32984.0
master,sub-59,ss02,14,10206.0
master,sub-59,ss02,15,33194.0
master,sub-59,ss02,16,54978.0
master,sub-59,ss02,17,54962.0
master,sub-59,ss02,18,24452.0
master,sub-59,ss02,19,19362.0
master,sub-59,ss02,20,52940.0
master,sub-59,ss02,21,15040.0
master,sub-59,ss02,22,18060.0
master,sub-59,ss02,23,54780.0
master,sub-59,ss02,24,7070.0
master,sub-59,ss02,25,5864.0
master,sub-59,ss02,26,8756.0
master,sub-59,ss02,27,24862.0
master,sub-59,ss02,28,55894.0
master,sub-59,ss02,29,10692.0
master,sub-59,ss02,30,33234.0
master,sub-59,ss03,1,24040.0
master,sub-59,ss03,2,12864.0
master,sub-59,ss03,3,11546.0
master,sub-59,ss03,4,57352.0
master,sub-59,ss03,5,6898.0
master,sub-59,ss03,6,15390.0
master,sub-59,ss03,7,57004.0
master,sub-59,ss03,8,25218.0
master,sub-59,ss03,9,13932.0
master,sub-59,ss03,10,50804.0
master,sub-59,ss03,11,48102.0
master,sub-59,ss03,12,39756.0
master,sub-59,ss03,13,7094.0
master,sub-59,ss03,14,33428.0
master,sub-59,ss03,15,41928.0
master,sub-59,ss03,16,27274.0
master,sub-59,ss03,17,27552.0
master,sub-59,ss03,18,24126.0
master,sub-59,ss03,19,57670.0
master,sub-59,ss03,20,9858.0
master,sub-59,ss03,21,4242.0
master,sub-59,ss03,22,55544.0
master,sub-59,ss03,23,16564.0
master,sub-59,ss03,24,25496.0
master,sub-59,ss03,25,26568.0
master,sub-59,ss03,26,31380.0
master,sub-59,ss03,27,6112.0
master,sub-59,ss03,28,33112.0
master,sub-59,ss03,29,2840.0
master,sub-59,ss03,30,12016.0
master,sub-60,ss01,1,23306.0
master,sub-60,ss01,2,26390.0
master,sub-60,ss01,3,28620.0
master,sub-60,ss01,4,27694.0
master,sub-60,ss01,5,21330.0
master,sub-60,ss01,6,27748.0
master,sub-60,ss01,7,24844.0
master,sub-60,ss01,8,27100.0
master,sub-60,ss01,9,12744.0
master,sub-60,ss01,10,28070.0
master,sub-60,ss01,11,13580.0
master,sub-60,ss01,12,21162.0
master,sub-60,ss01,13,26708.0
master,sub-60,ss01,14,24928.0
master,sub-60,ss01,15,25984.0
master,sub-60,ss01,16,13484.0
master,sub-60,ss01,17,21944.0
master,sub-60,ss01,18,19672.0
master,sub-60,ss01,19,2588.0
master,sub-60,ss01,20,16504.0
master,sub-60,ss01,21,28596.0
master,sub-60,ss01,22,28854.0
master,sub-60,ss01,23,17186.0
master,sub-60,ss01,24,25906.0
master,sub-60,ss01,25,14728.0
master,sub-60,ss01,26,10894.0
master,sub-60,ss01,27,13088.0
master,sub-60,ss01,28,13678.0
master,sub-60,ss01,29,6514.0
master,sub-60,ss01,30,15108.0
master,sub-60,ss02,1,56194.0
master,sub-60,ss02,2,10296.0
master,sub-60,ss02,3,24488.0
master,sub-60,ss02,4,54126.0
master,sub-60,ss02,5,17242.0
master,sub-60,ss02,6,24698.0
master,sub-60,ss02,7,22314.0
master,sub-60,ss02,8,50230.0
master,sub-60,ss02,9,17060.0
master,sub-60,ss02,10,19990.0
master,sub-60,ss02,11,51578.0
master,sub-60,ss02,12,20052.0
master,sub-60,ss02,13,51878.0
master,sub-60,ss02,14,35800.0
master,sub-60,ss02,15,25012.0
master,sub-60,ss02,16,21352.0
master,sub-60,ss02,17,44184.0
master,sub-60,ss02,18,44550.0
master,sub-60,ss02,19,28358.0
master,sub-60,ss02,20,44180.0
master,sub-60,ss02,21,54786.0
master,sub-60,ss02,22,57826.0
master,sub-60,ss02,23,49444.0
master,sub-60,ss02,24,17332.0
master,sub-60,ss02,25,24292.0
master,sub-60,ss02,26,41972.0
master,sub-60,ss02,27,27750.0
master,sub-60,ss02,28,40702.0
master,sub-60,ss02,29,50310.0
master,sub-60,ss02,30,36660.0
master,sub-60,ss03,1,43010.0
master,sub-60,ss03,2,24574.0
master,sub-60,ss03,3,57716.0
master,sub-60,ss03,4,57682.0
master,sub-60,ss03,5,58614.0
master,sub-60,ss03,6,57142.0
master,sub-60,ss03,7,56724.0
master,sub-60,ss03,8,20268.0
master,sub-60,ss03,9,58962.0
master,sub-60,ss03,10,58484.0
master,sub-60,ss03,11,56366.0
master,sub-60,ss03,12,56524.0
master,sub-60,ss03,13,58476.0
master,sub-60,ss03,14,20808.0
master,sub-60,ss03,15,56846.0
master,sub-60,ss03,16,54354.0
master,sub-60,ss03,17,58338.0
master,sub-60,ss03,18,55078.0
master,sub-60,ss03,19,50088.0
master,sub-60,ss03,20,26032.0
master,sub-60,ss03,21,24732.0
master,sub-60,ss03,22,55342.0
master,sub-60,ss03,23,52058.0
master,sub-60,ss03,24,58264.0
master,sub-60,ss03,25,10658.0
master,sub-60,ss03,26,58872.0
master,sub-60,ss03,27,46024.0
master,sub-60,ss03,28,55560.0
master,sub-60,ss03,29,46134.0
master,sub-60,ss03,30,29676.0
master,sub-61,ss01,1,8898.0
master,sub-61,ss01,2,8118.0
master,sub-61,ss01,3,6004.0
master,sub-61,ss01,4,22152.0
master,sub-61,ss01,5,23110.0
master,sub-61,ss01,6,12360.0
master,sub-61,ss01,7,5610.0
master,sub-61,ss01,8,5272.0
master,sub-61,ss01,9,20740.0
master,sub-61,ss01,10,8142.0
master,sub-61,ss01,11,16990.0
master,sub-61,ss01,12,13448.0
master,sub-61,ss01,13,9074.0
master,sub-61,ss01,14,6050.0
master,sub-61,ss01,15,6674.0
master,sub-61,ss01,16,6662.0
master,sub-61,ss01,17,9058.0
master,sub-61,ss01,18,23194.0
master,sub-61,ss01,19,4712.0
master,sub-61,ss01,20,4798.0
master,sub-61,ss01,21,7548.0
master,sub-61,ss01,22,18838.0
master,sub-61,ss01,23,8874.0
master,sub-61,ss01,24,6130.0
master,sub-61,ss01,25,4606.0
master,sub-61,ss01,26,24396.0
master,sub-61,ss01,27,10546.0
master,sub-61,ss01,28,10066.0
master,sub-61,ss01,29,3854.0
master,sub-61,ss01,30,19238.0
master,sub-61,ss02,1,4430.0
master,sub-61,ss02,2,32086.0
master,sub-61,ss02,3,22070.0
master,sub-61,ss02,4,21378.0
master,sub-61,ss02,5,6888.0
master,sub-61,ss02,6,13158.0
master,sub-61,ss02,7,7962.0
master,sub-61,ss02,8,15730.0
master,sub-61,ss02,9,34282.0
master,sub-61,ss02,10,6770.0
master,sub-61,ss02,11,14922.0
master,sub-61,ss02,13,5238.0
master,sub-61,ss02,14,2406.0
master,sub-61,ss02,15,13822.0
master,sub-61,ss02,16,20898.0
master,sub-61,ss02,17,19316.0
master,sub-61,ss02,18,4372.0
master,sub-61,ss02,19,17784.0
master,sub-61,ss02,20,25190.0
master,sub-61,ss02,21,23378.0
master,sub-61,ss02,22,18136.0
master,sub-61,ss02,23,11892.0
master,sub-61,ss02,24,7394.0
master,sub-61,ss02,25,2004.0
master,sub-61,ss02,26,41490.0
master,sub-61,ss02,27,25530.0
master,sub-61,ss02,28,18902.0
master,sub-61,ss02,29,22228.0
master,sub-61,ss02,30,9048.0
master,sub-61,ss03,1,20308.0
master,sub-61,ss03,2,20784.0
master,sub-61,ss03,3,24864.0
master,sub-61,ss03,5,7252.0
master,sub-61,ss03,6,5844.0
master,sub-61,ss03,7,9900.0
master,sub-61,ss03,8,20726.0
master,sub-61,ss03,9,11626.0
master,sub-61,ss03,10,31314.0
master,sub-61,ss03,11,18900.0
master,sub-61,ss03,12,12834.0
master,sub-61,ss03,13,18196.0
master,sub-61,ss03,14,27036.0
master,sub-61,ss03,15,24316.0
master,sub-61,ss03,16,31886.0
master,sub-61,ss03,17,18124.0
master,sub-61,ss03,18,16410.0
master,sub-61,ss03,19,39482.0
master,sub-61,ss03,20,19242.0
master,sub-61,ss03,21,18650.0
master,sub-61,ss03,22,15872.0
master,sub-61,ss03,23,14794.0
master,sub-61,ss03,24,28560.0
master,sub-61,ss03,25,40372.0
master,sub-61,ss03,26,7302.0
master,sub-61,ss03,27,40138.0
master,sub-61,ss03,28,24462.0
master,sub-61,ss03,30,28820.0
master,sub-63,ss01,1,2158.0
master,sub-63,ss01,2,3692.0
master,sub-63,ss01,3,1718.0
master,sub-63,ss01,4,3028.0
master,sub-63,ss01,5,2848.0
master,sub-63,ss01,6,3170.0
master,sub-63,ss01,7,7724.0
master,sub-63,ss01,8,3674.0
master,sub-63,ss01,9,6670.0
master,sub-63,ss01,10,8610.0
master,sub-63,ss01,11,5732.0
master,sub-63,ss01,12,6378.0
master,sub-63,ss01,13,8156.0
master,sub-63,ss01,14,8700.0
master,sub-63,ss01,15,7914.0
master,sub-63,ss01,16,5904.0
master,sub-63,ss01,17,1232.0
master,sub-63,ss01,18,5494.0
master,sub-63,ss01,19,9130.0
master,sub-63,ss01,20,2410.0
master,sub-63,ss01,21,11144.0
master,sub-63,ss01,22,2460.0
master,sub-63,ss01,23,6384.0
master,sub-63,ss01,24,10244.0
master,sub-63,ss01,25,6920.0
master,sub-63,ss01,26,2712.0
master,sub-63,ss01,27,9092.0
master,sub-63,ss01,28,5836.0
master,sub-63,ss01,29,2762.0
master,sub-63,ss02,1,3006.0
master,sub-63,ss02,2,10478.0
master,sub-63,ss02,3,15268.0
master,sub-63,ss02,4,3758.0
master,sub-63,ss02,5,2872.0
master,sub-63,ss02,6,6842.0
master,sub-63,ss02,7,3162.0
master,sub-63,ss02,8,3938.0
master,sub-63,ss02,9,2882.0
master,sub-63,ss02,10,6482.0
master,sub-63,ss02,11,4184.0
master,sub-63,ss02,12,6894.0
master,sub-63,ss02,13,15464.0
master,sub-63,ss02,14,11806.0
master,sub-63,ss02,15,5468.0
master,sub-63,ss02,16,3408.0
master,sub-63,ss02,17,8264.0
master,sub-63,ss02,18,2628.0
master,sub-63,ss02,19,4318.0
master,sub-63,ss02,20,8514.0
master,sub-63,ss02,21,4642.0
master,sub-63,ss02,22,2948.0
master,sub-63,ss02,23,10022.0
master,sub-63,ss02,24,3662.0
master,sub-63,ss02,25,3252.0
master,sub-63,ss02,26,5038.0
master,sub-63,ss02,27,5434.0
master,sub-63,ss02,28,7450.0
master,sub-63,ss02,29,7738.0
master,sub-63,ss03,3,12326.0
master,sub-63,ss03,4,19458.0
master,sub-63,ss03,6,6730.0
master,sub-63,ss03,7,11040.0
master,sub-63,ss03,8,21308.0
master,sub-63,ss03,9,4494.0
master,sub-63,ss03,10,8798.0
master,sub-63,ss03,11,6810.0
master,sub-63,ss03,13,16014.0
master,sub-63,ss03,14,10078.0
master,sub-63,ss03,16,14492.0
master,sub-63,ss03,17,5334.0
master,sub-63,ss03,18,20848.0
master,sub-63,ss03,19,6350.0
master,sub-63,ss03,20,19648.0
master,sub-63,ss03,21,9404.0
master,sub-63,ss03,22,5170.0
master,sub-63,ss03,23,5968.0
master,sub-63,ss03,25,12654.0
master,sub-63,ss03,26,13034.0
master,sub-63,ss03,27,10858.0
master,sub-63,ss03,28,21028.0
master,sub-63,ss03,29,5686.0
master,sub-63,ss03,30,18426.0
master,sub-67,ss01,1,16106.0
master,sub-67,ss01,2,10018.0
master,sub-67,ss01,3,21278.0
master,sub-67,ss01,4,25564.0
master,sub-67,ss01,5,12120.0
master,sub-67,ss01,6,6524.0
master,sub-67,ss01,7,16676.0
master,sub-67,ss01,8,22572.0
master,sub-67,ss01,9,11214.0
master,sub-67,ss01,10,17318.0
master,sub-67,ss01,11,20890.0
master,sub-67,ss01,12,2332.0
master,sub-67,ss01,13,15362.0
master,sub-67,ss01,14,9024.0
master,sub-67,ss01,15,4228.0
master,sub-67,ss01,16,9856.0
master,sub-67,ss01,17,10712.0
master,sub-67,ss01,18,26002.0
master,sub-67,ss01,19,21466.0
master,sub-67,ss01,20,19068.0
master,sub-67,ss01,21,24562.0
master,sub-67,ss01,22,11262.0
master,sub-67,ss01,23,7692.0
master,sub-67,ss01,24,10418.0
master,sub-67,ss01,25,5984.0
master,sub-67,ss01,26,11562.0
master,sub-67,ss01,27,14816.0
master,sub-67,ss01,28,22730.0
master,sub-67,ss01,29,11498.0
master,sub-67,ss01,30,26816.0
master,sub-67,ss02,1,20946.0
master,sub-67,ss02,2,12908.0
master,sub-67,ss02,3,52714.0
master,sub-67,ss02,4,12204.0
master,sub-67,ss02,5,57268.0
master,sub-67,ss02,6,35400.0
master,sub-67,ss02,7,26096.0
master,sub-67,ss02,8,24204.0
master,sub-67,ss02,9,15798.0
master,sub-67,ss02,10,50936.0
master,sub-67,ss02,11,18580.0
master,sub-67,ss02,12,17864.0
master,sub-67,ss02,13,39870.0
master,sub-67,ss02,14,29366.0
master,sub-67,ss02,15,24972.0
master,sub-67,ss02,16,7450.0
master,sub-67,ss02,17,7724.0
master,sub-67,ss02,18,12980.0
master,sub-67,ss02,19,16596.0
master,sub-67,ss02,20,44636.0
master,sub-67,ss02,21,4516.0
master,sub-67,ss02,22,53566.0
master,sub-67,ss02,23,11124.0
master,sub-67,ss02,24,38910.0
master,sub-67,ss02,25,22278.0
master,sub-67,ss02,26,40974.0
master,sub-67,ss02,27,48418.0
master,sub-67,ss02,28,29374.0
master,sub-67,ss02,29,11472.0
master,sub-67,ss02,30,21078.0
master,sub-67,ss03,1,24264.0
master,sub-67,ss03,2,54558.0
master,sub-67,ss03,3,30778.0
master,sub-67,ss03,4,43036.0
master,sub-67,ss03,5,49904.0
master,sub-67,ss03,6,14070.0
master,sub-67,ss03,7,58702.0
master,sub-67,ss03,8,58244.0
master,sub-67,ss03,9,21546.0
master,sub-67,ss03,10,18490.0
master,sub-67,ss03,11,41870.0
master,sub-67,ss03,12,46884.0
master,sub-67,ss03,13,29302.0
master,sub-67,ss03,14,42278.0
master,sub-67,ss03,15,54570.0
master,sub-67,ss03,16,34620.0
master,sub-67,ss03,17,29052.0
master,sub-67,ss03,18,45376.0
master,sub-67,ss03,19,39062.0
master,sub-67,ss03,20,31680.0
master,sub-67,ss03,21,34548.0
master,sub-67,ss03,22,22870.0
master,sub-67,ss03,23,16562.0
master,sub-67,ss03,24,15074.0
master,sub-67,ss03,25,34668.0
master,sub-67,ss03,26,58600.0
master,sub-67,ss03,27,11534.0
master,sub-67,ss03,28,27658.0
master,sub-67,ss03,29,14484.0
master,sub-67,ss03,30,45916.0
master,sub-68,ss01,1,23536.0
master,sub-68,ss01,2,13420.0
master,sub-68,ss01,3,9018.0
master,sub-68,ss01,4,24074.0
master,sub-68,ss01,5,18342.0
master,sub-68,ss01,6,28352.0
master,sub-68,ss01,7,27216.0
master,sub-68,ss01,8,23386.0
master,sub-68,ss01,9,17588.0
master,sub-68,ss01,10,10022.0
master,sub-68,ss01,11,18772.0
master,sub-68,ss01,12,23166.0
master,sub-68,ss01,13,13194.0
master,sub-68,ss01,14,19092.0
master,sub-68,ss01,15,28302.0
master,sub-68,ss01,16,25828.0
master,sub-68,ss01,17,27686.0
master,sub-68,ss01,18,21706.0
master,sub-68,ss01,19,17934.0
master,sub-68,ss01,20,15630.0
master,sub-68,ss01,21,11306.0
master,sub-68,ss01,22,17714.0
master,sub-68,ss01,23,22580.0
master,sub-68,ss01,24,19126.0
master,sub-68,ss01,25,5066.0
master,sub-68,ss01,26,28538.0
master,sub-68,ss01,27,14086.0
master,sub-68,ss01,28,7516.0
master,sub-68,ss01,29,25710.0
master,sub-68,ss01,30,8910.0
master,sub-68,ss02,1,26180.0
master,sub-68,ss02,2,11336.0
master,sub-68,ss02,3,23062.0
master,sub-68,ss02,4,19076.0
master,sub-68,ss02,5,3060.0
master,sub-68,ss02,6,17700.0
master,sub-68,ss02,7,41296.0
master,sub-68,ss02,8,13588.0
master,sub-68,ss02,9,9252.0
master,sub-68,ss02,10,52220.0
master,sub-68,ss02,11,36008.0
master,sub-68,ss02,12,16010.0
master,sub-68,ss02,13,34154.0
master,sub-68,ss02,14,5312.0
master,sub-68,ss02,15,40804.0
master,sub-68,ss02,16,25820.0
master,sub-68,ss02,17,27442.0
master,sub-68,ss02,18,23218.0
master,sub-68,ss02,19,22128.0
master,sub-68,ss02,20,7224.0
master,sub-68,ss02,21,9848.0
master,sub-68,ss02,22,23788.0
master,sub-68,ss02,23,10916.0
master,sub-68,ss02,24,26436.0
master,sub-68,ss02,25,11034.0
master,sub-68,ss02,26,18162.0
master,sub-68,ss02,27,11184.0
master,sub-68,ss02,28,19766.0
master,sub-68,ss02,29,44666.0
master,sub-68,ss02,30,15232.0
master,sub-68,ss03,1,20194.0
master,sub-68,ss03,2,39270.0
master,sub-68,ss03,3,29740.0
master,sub-68,ss03,4,56916.0
master,sub-68,ss03,5,30364.0
master,sub-68,ss03,6,51456.0
master,sub-68,ss03,7,30118.0
master,sub-68,ss03,8,35444.0
master,sub-68,ss03,9,23794.0
master,sub-68,ss03,10,44078.0
master,sub-68,ss03,11,36654.0
master,sub-68,ss03,12,57058.0
master,sub-68,ss03,13,27490.0
master,sub-68,ss03,14,35124.0
master,sub-68,ss03,15,55034.0
master,sub-68,ss03,16,24448.0
master,sub-68,ss03,17,33788.0
master,sub-68,ss03,18,50530.0
master,sub-68,ss03,19,50220.0
master,sub-68,ss03,20,33588.0
master,sub-68,ss03,21,50736.0
master,sub-68,ss03,22,36124.0
master,sub-68,ss03,23,23970.0
master,sub-68,ss03,24,40780.0
master,sub-68,ss03,25,27476.0
master,sub-68,ss03,26,41776.0
master,sub-68,ss03,27,27806.0
master,sub-68,ss03,28,47610.0
master,sub-68,ss03,29,22736.0
master,sub-68,ss03,30,51426.0
master,sub-69,ss01,1,16864.0
master,sub-69,ss01,2,13512.0
master,sub-69,ss01,3,27220.0
master,sub-69,ss01,4,24740.0
master,sub-69,ss01,5,27596.0
master,sub-69,ss01,6,28160.0
master,sub-69,ss01,7,16040.0
master,sub-69,ss01,8,6754.0
master,sub-69,ss01,9,12464.0
master,sub-69,ss01,10,2436.0
master,sub-69,ss01,11,13382.0
master,sub-69,ss01,12,2198.0
master,sub-69,ss01,13,19912.0
master,sub-69,ss01,14,11678.0
master,sub-69,ss01,15,23654.0
master,sub-69,ss01,16,23576.0
master,sub-69,ss01,17,6052.0
master,sub-69,ss01,18,4422.0
master,sub-69,ss01,19,5314.0
master,sub-69,ss01,20,23372.0
master,sub-69,ss01,21,27904.0
master,sub-69,ss01,22,4904.0
master,sub-69,ss01,23,24082.0
master,sub-69,ss01,24,14762.0
master,sub-69,ss01,25,28904.0
master,sub-69,ss01,26,10014.0
master,sub-69,ss01,27,25552.0
master,sub-69,ss01,28,27702.0
master,sub-69,ss01,29,10572.0
master,sub-69,ss01,30,10126.0
master,sub-69,ss02,1,7424.0
master,sub-69,ss02,2,4638.0
master,sub-69,ss02,3,10728.0
master,sub-69,ss02,4,52466.0
master,sub-69,ss02,5,17964.0
master,sub-69,ss02,6,9264.0
master,sub-69,ss02,7,19728.0
master,sub-69,ss02,8,28420.0
master,sub-69,ss02,9,5738.0
master,sub-69,ss02,10,13300.0
master,sub-69,ss02,11,56154.0
master,sub-69,ss02,12,11412.0
master,sub-69,ss02,13,26900.0
master,sub-69,ss02,14,14276.0
master,sub-69,ss02,15,31188.0
master,sub-69,ss02,16,37244.0
master,sub-69,ss02,17,29232.0
master,sub-69,ss02,18,43612.0
master,sub-69,ss02,19,17780.0
master,sub-69,ss02,20,51412.0
master,sub-69,ss02,21,57832.0
master,sub-69,ss02,22,28344.0
master,sub-69,ss02,23,5978.0
master,sub-69,ss02,24,56888.0
master,sub-69,ss02,25,20368.0
master,sub-69,ss02,26,54606.0
master,sub-69,ss02,27,55188.0
master,sub-69,ss02,28,16926.0
master,sub-69,ss02,29,58208.0
master,sub-69,ss02,30,11196.0
master,sub-69,ss03,1,41766.0
master,sub-69,ss03,2,57760.0
master,sub-69,ss03,3,17038.0
master,sub-69,ss03,4,56914.0
master,sub-69,ss03,5,56436.0
master,sub-69,ss03,6,54834.0
master,sub-69,ss03,7,40786.0
master,sub-69,ss03,8,53818.0
master,sub-69,ss03,9,17044.0
master,sub-69,ss03,10,32008.0
master,sub-69,ss03,11,57312.0
master,sub-69,ss03,12,35632.0
master,sub-69,ss03,13,37176.0
master,sub-69,ss03,14,17480.0
master,sub-69,ss03,15,58020.0
master,sub-69,ss03,16,35972.0
master,sub-69,ss03,17,31066.0
master,sub-69,ss03,18,27726.0
master,sub-69,ss03,19,21720.0
master,sub-69,ss03,20,16272.0
master,sub-69,ss03,21,23196.0
master,sub-69,ss03,22,39486.0
master,sub-69,ss03,23,57842.0
master,sub-69,ss03,24,58066.0
master,sub-69,ss03,25,56174.0
master,sub-69,ss03,26,15712.0
master,sub-69,ss03,27,55960.0
master,sub-69,ss03,28,54158.0
master,sub-69,ss03,29,57918.0
master,sub-69,ss03,30,51268.0
master,sub-70,ss01,1,20758.0
master,sub-70,ss01,2,12178.0
master,sub-70,ss01,3,6978.0
master,sub-70,ss01,4,7598.0
master,sub-70,ss01,5,27282.0
master,sub-70,ss01,6,2728.0
master,sub-70,ss01,7,12164.0
master,sub-70,ss01,8,17916.0
master,sub-70,ss01,9,20628.0
master,sub-70,ss01,10,20816.0
master,sub-70,ss01,11,7152.0
master,sub-70,ss01,12,10470.0
master,sub-70,ss01,13,11578.0
master,sub-70,ss01,14,21410.0
master,sub-70,ss01,15,23902.0
master,sub-70,ss01,16,18790.0
master,sub-70,ss01,17,13442.0
master,sub-70,ss01,18,25246.0
master,sub-70,ss01,19,25006.0
master,sub-70,ss01,20,3756.0
master,sub-70,ss01,21,23924.0
master,sub-70,ss01,22,19876.0
master,sub-70,ss01,23,7400.0
master,sub-70,ss01,24,15084.0
master,sub-70,ss01,25,10844.0
master,sub-70,ss01,26,17356.0
master,sub-70,ss01,27,21886.0
master,sub-70,ss01,28,12406.0
master,sub-70,ss01,29,21974.0
master,sub-70,ss01,30,10874.0
master,sub-70,ss02,1,16602.0
master,sub-70,ss02,2,16838.0
master,sub-70,ss02,4,25594.0
master,sub-70,ss02,5,22852.0
master,sub-70,ss02,6,23294.0
master,sub-70,ss02,7,8022.0
master,sub-70,ss02,8,4448.0
master,sub-70,ss02,9,28714.0
master,sub-70,ss02,10,10124.0
master,sub-70,ss02,11,36446.0
master,sub-70,ss02,12,34466.0
master,sub-70,ss02,13,6548.0
master,sub-70,ss02,14,33750.0
master,sub-70,ss02,15,40230.0
master,sub-70,ss02,16,23946.0
master,sub-70,ss02,17,8488.0
master,sub-70,ss02,19,41280.0
master,sub-70,ss02,20,7646.0
master,sub-70,ss02,21,25242.0
master,sub-70,ss02,22,9398.0
master,sub-70,ss02,23,23538.0
master,sub-70,ss02,24,4962.0
master,sub-70,ss02,25,21012.0
master,sub-70,ss02,26,21200.0
master,sub-70,ss02,27,7374.0
master,sub-70,ss02,28,19830.0
master,sub-70,ss02,29,14546.0
master,sub-70,ss02,30,10018.0
master,sub-70,ss03,1,14348.0
master,sub-70,ss03,2,27886.0
master,sub-70,ss03,3,42938.0
master,sub-70,ss03,4,14458.0
master,sub-70,ss03,5,48770.0
master,sub-70,ss03,6,30718.0
master,sub-70,ss03,7,14984.0
master,sub-70,ss03,9,46122.0
master,sub-70,ss03,10,36626.0
master,sub-70,ss03,12,38530.0
master,sub-70,ss03,13,26692.0
master,sub-70,ss03,14,25202.0
master,sub-70,ss03,15,15158.0
master,sub-70,ss03,16,20288.0
master,sub-70,ss03,17,18338.0
master,sub-70,ss03,18,14890.0
master,sub-70,ss03,19,37896.0
master,sub-70,ss03,20,14016.0
master,sub-70,ss03,21,12768.0
master,sub-70,ss03,22,13630.0
master,sub-70,ss03,23,38706.0
master,sub-70,ss03,24,36174.0
master,sub-70,ss03,25,23478.0
master,sub-70,ss03,26,10588.0
master,sub-70,ss03,28,32296.0
master,sub-70,ss03,29,16830.0
master,sub-70,ss03,30,11706.0
master,sub-71,ss01,1,24402.0
master,sub-71,ss01,2,28478.0
master,sub-71,ss01,3,10448.0
master,sub-71,ss01,4,18330.0
master,sub-71,ss01,5,27532.0
master,sub-71,ss01,6,24124.0
master,sub-71,ss01,7,8900.0
master,sub-71,ss01,8,4960.0
master,sub-71,ss01,9,6518.0
master,sub-71,ss01,10,7788.0
master,sub-71,ss01,11,18854.0
master,sub-71,ss01,12,9714.0
master,sub-71,ss01,13,15794.0
master,sub-71,ss01,14,26250.0
master,sub-71,ss01,15,24846.0
master,sub-71,ss01,16,9526.0
master,sub-71,ss01,17,12562.0
master,sub-71,ss01,18,17234.0
master,sub-71,ss01,19,17178.0
master,sub-71,ss01,20,5936.0
master,sub-71,ss01,21,13970.0
master,sub-71,ss01,22,28966.0
master,sub-71,ss01,23,26082.0
master,sub-71,ss01,24,22804.0
master,sub-71,ss01,25,26338.0
master,sub-71,ss01,26,21922.0
master,sub-71,ss01,27,5992.0
master,sub-71,ss01,28,18956.0
master,sub-71,ss01,29,9402.0
master,sub-71,ss01,30,23718.0
master,sub-71,ss02,1,50862.0
master,sub-71,ss02,2,50866.0
master,sub-71,ss02,3,15806.0
master,sub-71,ss02,4,12860.0
master,sub-71,ss02,5,9526.0
master,sub-71,ss02,6,51652.0
master,sub-71,ss02,7,41442.0
master,sub-71,ss02,8,54974.0
master,sub-71,ss02,9,35032.0
master,sub-71,ss02,10,17876.0
master,sub-71,ss02,11,19150.0
master,sub-71,ss02,12,48528.0
master,sub-71,ss02,13,52586.0
master,sub-71,ss02,14,16320.0
master,sub-71,ss02,15,24106.0
master,sub-71,ss02,16,50386.0
master,sub-71,ss02,17,54522.0
master,sub-71,ss02,18,50494.0
master,sub-71,ss02,19,45414.0
master,sub-71,ss02,20,23838.0
master,sub-71,ss02,21,7438.0
master,sub-71,ss02,22,27988.0
master,sub-71,ss02,23,28460.0
master,sub-71,ss02,24,14104.0
master,sub-71,ss02,25,46550.0
master,sub-71,ss02,26,20690.0
master,sub-71,ss02,27,13310.0
master,sub-71,ss02,28,29976.0
master,sub-71,ss02,29,9552.0
master,sub-71,ss02,30,6030.0
master,sub-71,ss03,1,47706.0
master,sub-71,ss03,2,56620.0
master,sub-71,ss03,3,42202.0
master,sub-71,ss03,4,51256.0
master,sub-71,ss03,5,17008.0
master,sub-71,ss03,6,46552.0
master,sub-71,ss03,7,50738.0
master,sub-71,ss03,8,23058.0
master,sub-71,ss03,9,51762.0
master,sub-71,ss03,10,39824.0
master,sub-71,ss03,11,44912.0
master,sub-71,ss03,12,41430.0
master,sub-71,ss03,13,31684.0
master,sub-71,ss03,14,52902.0
master,sub-71,ss03,15,55510.0
master,sub-71,ss03,16,53840.0
master,sub-71,ss03,17,34760.0
master,sub-71,ss03,18,22162.0
master,sub-71,ss03,19,22042.0
master,sub-71,ss03,20,23906.0
master,sub-71,ss03,21,24908.0
master,sub-71,ss03,22,51408.0
master,sub-71,ss03,23,33868.0
master,sub-71,ss03,24,26244.0
master,sub-71,ss03,25,36244.0
master,sub-71,ss03,26,41300.0
master,sub-71,ss03,27,46428.0
master,sub-71,ss03,28,43202.0
master,sub-71,ss03,29,30800.0
master,sub-71,ss03,30,51592.0
master,sub-72,ss01,1,12308.0
master,sub-72,ss01,2,7696.0
master,sub-72,ss01,3,21540.0
master,sub-72,ss01,4,9084.0
master,sub-72,ss01,5,7610.0
master,sub-72,ss01,6,8886.0
master,sub-72,ss01,7,10406.0
master,sub-72,ss01,8,5852.0
master,sub-72,ss01,9,4480.0
master,sub-72,ss01,10,3538.0
master,sub-72,ss01,11,6260.0
master,sub-72,ss01,12,10090.0
master,sub-72,ss01,13,7464.0
master,sub-72,ss01,14,4596.0
master,sub-72,ss01,15,5366.0
master,sub-72,ss01,16,13830.0
master,sub-72,ss01,18,2978.0
master,sub-72,ss01,19,8308.0
master,sub-72,ss01,20,9054.0
master,sub-72,ss01,21,21864.0
master,sub-72,ss01,22,5778.0
master,sub-72,ss01,23,10370.0
master,sub-72,ss01,24,9234.0
master,sub-72,ss01,25,18942.0
master,sub-72,ss01,26,7428.0
master,sub-72,ss01,27,16022.0
master,sub-72,ss01,28,3624.0
master,sub-72,ss01,29,7692.0
master,sub-72,ss01,30,9744.0
master,sub-72,ss02,1,24698.0
master,sub-72,ss02,2,14316.0
master,sub-72,ss02,3,18202.0
master,sub-72,ss02,4,13888.0
master,sub-72,ss02,5,5798.0
master,sub-72,ss02,6,5382.0
master,sub-72,ss02,7,9414.0
master,sub-72,ss02,8,9296.0
master,sub-72,ss02,9,11730.0
master,sub-72,ss02,10,5794.0
master,sub-72,ss02,12,4042.0
master,sub-72,ss02,13,4050.0
master,sub-72,ss02,14,9754.0
master,sub-72,ss02,15,6068.0
master,sub-72,ss02,16,4874.0
master,sub-72,ss02,17,10656.0
master,sub-72,ss02,18,16866.0
master,sub-72,ss02,19,6970.0
master,sub-72,ss02,20,9652.0
master,sub-72,ss02,21,11970.0
master,sub-72,ss02,22,7980.0
master,sub-72,ss02,23,18298.0
master,sub-72,ss02,24,15846.0
master,sub-72,ss02,25,5616.0
master,sub-72,ss02,26,13260.0
master,sub-72,ss02,27,4108.0
master,sub-72,ss02,28,9954.0
master,sub-72,ss02,29,4372.0
master,sub-72,ss02,30,7024.0
master,sub-72,ss03,1,25922.0
master,sub-72,ss03,3,13820.0
master,sub-72,ss03,4,21386.0
master,sub-72,ss03,5,14120.0
master,sub-72,ss03,6,11630.0
master,sub-72,ss03,7,20126.0
master,sub-72,ss03,8,8286.0
master,sub-72,ss03,9,7942.0
master,sub-72,ss03,10,15170.0
master,sub-72,ss03,11,23230.0
master,sub-72,ss03,12,13204.0
master,sub-72,ss03,13,18022.0
master,sub-72,ss03,15,12028.0
master,sub-72,ss03,16,12608.0
master,sub-72,ss03,17,21294.0
master,sub-72,ss03,18,16106.0
master,sub-72,ss03,19,9732.0
master,sub-72,ss03,20,10874.0
master,sub-72,ss03,21,6446.0
master,sub-72,ss03,22,9468.0
master,sub-72,ss03,23,14106.0
master,sub-72,ss03,24,5606.0
master,sub-72,ss03,25,3294.0
master,sub-72,ss03,26,3814.0
master,sub-72,ss03,27,12296.0
master,sub-72,ss03,28,2628.0
master,sub-72,ss03,29,3952.0
master,sub-72,ss03,30,5484.0
master,sub-73,ss01,1,14464.0
master,sub-73,ss01,2,27004.0
master,sub-73,ss01,3,28348.0
master,sub-73,ss01,4,8836.0
master,sub-73,ss01,5,19618.0
master,sub-73,ss01,6,1968.0
master,sub-73,ss01,7,8984.0
master,sub-73,ss01,8,19670.0
master,sub-73,ss01,9,9964.0
master,sub-73,ss01,10,14504.0
master,sub-73,ss01,11,10656.0
master,sub-73,ss01,12,11774.0
master,sub-73,ss01,13,7164.0
master,sub-73,ss01,14,21002.0
master,sub-73,ss01,15,20432.0
master,sub-73,ss01,16,15866.0
master,sub-73,ss01,17,26966.0
master,sub-73,ss01,18,7054.0
master,sub-73,ss01,19,10606.0
master,sub-73,ss01,20,19842.0
master,sub-73,ss01,21,15686.0
master,sub-73,ss01,22,28738.0
master,sub-73,ss01,23,7504.0
master,sub-73,ss01,24,10368.0
master,sub-73,ss01,25,7494.0
master,sub-73,ss01,26,10258.0
master,sub-73,ss01,27,12978.0
master,sub-73,ss01,28,6064.0
master,sub-73,ss01,29,17436.0
master,sub-73,ss01,30,13688.0
master,sub-73,ss02,1,8906.0
master,sub-73,ss02,2,12238.0
master,sub-73,ss02,3,4930.0
master,sub-73,ss02,4,4242.0
master,sub-73,ss02,5,18070.0
master,sub-73,ss02,6,2494.0
master,sub-73,ss02,7,16352.0
master,sub-73,ss02,8,53706.0
master,sub-73,ss02,9,37726.0
master,sub-73,ss02,10,20358.0
master,sub-73,ss02,11,8298.0
master,sub-73,ss02,12,7730.0
master,sub-73,ss02,13,20630.0
master,sub-73,ss02,14,7548.0
master,sub-73,ss02,15,9204.0
master,sub-73,ss02,16,20956.0
master,sub-73,ss02,17,12086.0
master,sub-73,ss02,18,6014.0
master,sub-73,ss02,19,32346.0
master,sub-73,ss02,20,17640.0
master,sub-73,ss02,21,31362.0
master,sub-73,ss02,22,11916.0
master,sub-73,ss02,23,16600.0
master,sub-73,ss02,24,10074.0
master,sub-73,ss02,25,26644.0
master,sub-73,ss02,26,17520.0
master,sub-73,ss02,27,18208.0
master,sub-73,ss02,28,28030.0
master,sub-73,ss02,29,38798.0
master,sub-73,ss02,30,16520.0
master,sub-73,ss03,1,42140.0
master,sub-73,ss03,3,38634.0
master,sub-73,ss03,5,25226.0
master,sub-73,ss03,6,38910.0
master,sub-73,ss03,7,37564.0
master,sub-73,ss03,8,41310.0
master,sub-73,ss03,9,25170.0
master,sub-73,ss03,10,10876.0
master,sub-73,ss03,11,15414.0
master,sub-73,ss03,12,35202.0
master,sub-73,ss03,13,11280.0
master,sub-73,ss03,14,10756.0
master,sub-73,ss03,15,38116.0
master,sub-73,ss03,16,23432.0
master,sub-73,ss03,17,27228.0
master,sub-73,ss03,18,41080.0
master,sub-73,ss03,19,23240.0
master,sub-73,ss03,20,54848.0
master,sub-73,ss03,21,8358.0
master,sub-73,ss03,23,21736.0
master,sub-73,ss03,24,13542.0
master,sub-73,ss03,25,7164.0
master,sub-73,ss03,26,38038.0
master,sub-73,ss03,27,7280.0
master,sub-73,ss03,28,52652.0
master,sub-73,ss03,29,46024.0
master,sub-73,ss03,30,29824.0
master,sub-75,ss01,1,24186.0
master,sub-75,ss01,2,22022.0
master,sub-75,ss01,3,28592.0
master,sub-75,ss01,4,17070.0
master,sub-75,ss01,5,15204.0
master,sub-75,ss01,6,2544.0
master,sub-75,ss01,7,25232.0
master,sub-75,ss01,8,5558.0
master,sub-75,ss01,9,11654.0
master,sub-75,ss01,10,27328.0
master,sub-75,ss01,11,22400.0
master,sub-75,ss01,12,11988.0
master,sub-75,ss01,13,25752.0
master,sub-75,ss01,14,11456.0
master,sub-75,ss01,15,23570.0
master,sub-75,ss01,16,28404.0
master,sub-75,ss01,17,15112.0
master,sub-75,ss01,18,22232.0
master,sub-75,ss01,19,24762.0
master,sub-75,ss01,20,7586.0
master,sub-75,ss01,21,28316.0
master,sub-75,ss01,22,28860.0
master,sub-75,ss01,23,24060.0
master,sub-75,ss01,24,6286.0
master,sub-75,ss01,25,21352.0
master,sub-75,ss01,26,19170.0
master,sub-75,ss01,27,6778.0
master,sub-75,ss01,28,21956.0
master,sub-75,ss01,29,9656.0
master,sub-75,ss01,30,19754.0
master,sub-75,ss02,1,18876.0
master,sub-75,ss02,2,54142.0
master,sub-75,ss02,3,19628.0
master,sub-75,ss02,4,5968.0
master,sub-75,ss02,5,35082.0
master,sub-75,ss02,6,31160.0
master,sub-75,ss02,7,42644.0
master,sub-75,ss02,8,57026.0
master,sub-75,ss02,9,12210.0
master,sub-75,ss02,10,10314.0
master,sub-75,ss02,11,31938.0
master,sub-75,ss02,12,33900.0
master,sub-75,ss02,13,22572.0
master,sub-75,ss02,14,28096.0
master,sub-75,ss02,15,29188.0
master,sub-75,ss02,16,40250.0
master,sub-75,ss02,17,7966.0
master,sub-75,ss02,18,11552.0
master,sub-75,ss02,19,10290.0
master,sub-75,ss02,20,41876.0
master,sub-75,ss02,21,19008.0
master,sub-75,ss02,22,54066.0
master,sub-75,ss02,23,21746.0
master,sub-75,ss02,24,34354.0
master,sub-75,ss02,25,56796.0
master,sub-75,ss02,26,17232.0
master,sub-75,ss02,27,30934.0
master,sub-75,ss02,28,51848.0
master,sub-75,ss02,29,31970.0
master,sub-75,ss02,30,20304.0
master,sub-75,ss03,1,53784.0
master,sub-75,ss03,2,47510.0
master,sub-75,ss03,3,57484.0
master,sub-75,ss03,4,38834.0
master,sub-75,ss03,5,34106.0
master,sub-75,ss03,6,53134.0
master,sub-75,ss03,7,26732.0
master,sub-75,ss03,8,27170.0
master,sub-75,ss03,9,54404.0
master,sub-75,ss03,10,53224.0
master,sub-75,ss03,12,9016.0
master,sub-75,ss03,13,16866.0
master,sub-75,ss03,14,30560.0
master,sub-75,ss03,15,11962.0
master,sub-75,ss03,16,24758.0
master,sub-75,ss03,17,54574.0
master,sub-75,ss03,18,39370.0
master,sub-75,ss03,19,15694.0
master,sub-75,ss03,20,28996.0
master,sub-75,ss03,21,37372.0
master,sub-75,ss03,22,20400.0
master,sub-75,ss03,23,27666.0
master,sub-75,ss03,24,24826.0
master,sub-75,ss03,25,33054.0
master,sub-75,ss03,26,30336.0
master,sub-75,ss03,27,30774.0
master,sub-75,ss03,28,27258.0
master,sub-75,ss03,29,18924.0
master,sub-75,ss03,30,23854.0
master,sub-76,ss01,1,20724.0
master,sub-76,ss01,2,28748.0
master,sub-76,ss01,3,17744.0
master,sub-76,ss01,4,23816.0
master,sub-76,ss01,5,21928.0
master,sub-76,ss01,6,22792.0
master,sub-76,ss01,7,11778.0
master,sub-76,ss01,8,26954.0
master,sub-76,ss01,9,28482.0
master,sub-76,ss01,10,18532.0
master,sub-76,ss01,11,20630.0
master,sub-76,ss01,12,28716.0
master,sub-76,ss01,13,28400.0
master,sub-76,ss01,14,11594.0
master,sub-76,ss01,15,28916.0
master,sub-76,ss01,16,25718.0
master,sub-76,ss01,17,18034.0
master,sub-76,ss01,18,28516.0
master,sub-76,ss01,19,15928.0
master,sub-76,ss01,20,28200.0
master,sub-76,ss01,21,7832.0
master,sub-76,ss01,22,26836.0
master,sub-76,ss01,23,27376.0
master,sub-76,ss01,24,26434.0
master,sub-76,ss01,25,14170.0
master,sub-76,ss01,26,22766.0
master,sub-76,ss01,27,28836.0
master,sub-76,ss01,28,10288.0
master,sub-76,ss01,29,21358.0
master,sub-76,ss01,30,14630.0
master,sub-76,ss02,1,51260.0
master,sub-76,ss02,2,32188.0
master,sub-76,ss02,3,51814.0
master,sub-76,ss02,4,43828.0
master,sub-76,ss02,5,13768.0
master,sub-76,ss02,6,56322.0
master,sub-76,ss02,7,27070.0
master,sub-76,ss02,8,9540.0
master,sub-76,ss02,9,23216.0
master,sub-76,ss02,10,15156.0
master,sub-76,ss02,11,8484.0
master,sub-76,ss02,12,58640.0
master,sub-76,ss02,13,18608.0
master,sub-76,ss02,14,9748.0
master,sub-76,ss02,15,6294.0
master,sub-76,ss02,16,37832.0
master,sub-76,ss02,17,10796.0
master,sub-76,ss02,18,51318.0
master,sub-76,ss02,19,45218.0
master,sub-76,ss02,20,58040.0
master,sub-76,ss02,21,51820.0
master,sub-76,ss02,22,56224.0
master,sub-76,ss02,23,15568.0
master,sub-76,ss02,24,42308.0
master,sub-76,ss02,25,45216.0
master,sub-76,ss02,26,58160.0
master,sub-76,ss02,27,51380.0
master,sub-76,ss02,28,22952.0
master,sub-76,ss02,29,10090.0
master,sub-76,ss02,30,21026.0
master,sub-76,ss03,1,54408.0
master,sub-76,ss03,2,52224.0
master,sub-76,ss03,3,34364.0
master,sub-76,ss03,4,51022.0
master,sub-76,ss03,5,58696.0
master,sub-76,ss03,6,51598.0
master,sub-76,ss03,7,21540.0
master,sub-76,ss03,8,58294.0
master,sub-76,ss03,9,58068.0
master,sub-76,ss03,10,23498.0
master,sub-76,ss03,11,17172.0
master,sub-76,ss03,12,43892.0
master,sub-76,ss03,13,55696.0
master,sub-76,ss03,14,56274.0
master,sub-76,ss03,15,46870.0
master,sub-76,ss03,16,42194.0
master,sub-76,ss03,17,39504.0
master,sub-76,ss03,18,57156.0
master,sub-76,ss03,19,41886.0
master,sub-76,ss03,20,52490.0
master,sub-76,ss03,21,37032.0
master,sub-76,ss03,22,37512.0
master,sub-76,ss03,23,48954.0
master,sub-76,ss03,24,33912.0
master,sub-76,ss03,25,58170.0
master,sub-76,ss03,26,37208.0
master,sub-76,ss03,27,37692.0
master,sub-76,ss03,28,58050.0
master,sub-76,ss03,29,28780.0
master,sub-76,ss03,30,40816.0
master,sub-77,ss01,1,5344.0
master,sub-77,ss01,2,2752.0
master,sub-77,ss01,3,14940.0
master,sub-77,ss01,4,17400.0
master,sub-77,ss01,5,13970.0
master,sub-77,ss01,6,13530.0
master,sub-77,ss01,7,11268.0
master,sub-77,ss01,8,9160.0
master,sub-77,ss01,9,6916.0
master,sub-77,ss01,10,24994.0
master,sub-77,ss01,11,6228.0
master,sub-77,ss01,12,10188.0
master,sub-77,ss01,13,9204.0
master,sub-77,ss01,14,9826.0
master,sub-77,ss01,15,10382.0
master,sub-77,ss01,16,16816.0
master,sub-77,ss01,17,8972.0
master,sub-77,ss01,18,11874.0
master,sub-77,ss01,19,5990.0
master,sub-77,ss01,20,14042.0
master,sub-77,ss01,21,17754.0
master,sub-77,ss01,22,16190.0
master,sub-77,ss01,23,10166.0
master,sub-77,ss01,24,17204.0
master,sub-77,ss01,25,22978.0
master,sub-77,ss01,26,9606.0
master,sub-77,ss01,27,20638.0
master,sub-77,ss01,28,11172.0
master,sub-77,ss01,29,2834.0
master,sub-77,ss01,30,22614.0
master,sub-77,ss02,1,37446.0
master,sub-77,ss02,2,18738.0
master,sub-77,ss02,3,16394.0
master,sub-77,ss02,4,18026.0
master,sub-77,ss02,5,16420.0
master,sub-77,ss02,6,9718.0
master,sub-77,ss02,7,4176.0
master,sub-77,ss02,8,44422.0
master,sub-77,ss02,9,10318.0
master,sub-77,ss02,10,5222.0
master,sub-77,ss02,11,15366.0
master,sub-77,ss02,12,31488.0
master,sub-77,ss02,13,9314.0
master,sub-77,ss02,14,28260.0
master,sub-77,ss02,15,20086.0
master,sub-77,ss02,16,9110.0
master,sub-77,ss02,17,4372.0
master,sub-77,ss02,18,16052.0
master,sub-77,ss02,19,13670.0
master,sub-77,ss02,20,19640.0
master,sub-77,ss02,21,43184.0
master,sub-77,ss02,22,7164.0
master,sub-77,ss02,23,13102.0
master,sub-77,ss02,24,21164.0
master,sub-77,ss02,25,13800.0
master,sub-77,ss02,26,17554.0
master,sub-77,ss02,27,37156.0
master,sub-77,ss02,28,6072.0
master,sub-77,ss02,29,22546.0
master,sub-77,ss03,1,30152.0
master,sub-77,ss03,2,10122.0
master,sub-77,ss03,3,25076.0
master,sub-77,ss03,4,8578.0
master,sub-77,ss03,5,34576.0
master,sub-77,ss03,6,43110.0
master,sub-77,ss03,7,47460.0
master,sub-77,ss03,8,25292.0
master,sub-77,ss03,9,8630.0
master,sub-77,ss03,10,35746.0
master,sub-77,ss03,11,24044.0
master,sub-77,ss03,12,10186.0
master,sub-77,ss03,13,54808.0
master,sub-77,ss03,14,49802.0
master,sub-77,ss03,15,23558.0
master,sub-77,ss03,16,17630.0
master,sub-77,ss03,17,46128.0
master,sub-77,ss03,18,43440.0
master,sub-77,ss03,19,23224.0
master,sub-77,ss03,20,16356.0
master,sub-77,ss03,21,48418.0
master,sub-77,ss03,23,23048.0
master,sub-77,ss03,24,49832.0
master,sub-77,ss03,25,32036.0
master,sub-77,ss03,27,33598.0
master,sub-77,ss03,28,28370.0
master,sub-77,ss03,29,49140.0
master,sub-77,ss03,30,54162.0
master,sub-78,ss02,1,51420.0
master,sub-78,ss02,2,25900.0
master,sub-78,ss02,3,5850.0
master,sub-78,ss02,4,10058.0
master,sub-78,ss02,5,15966.0
master,sub-78,ss02,6,6980.0
master,sub-78,ss02,7,46318.0
master,sub-78,ss02,8,25646.0
master,sub-78,ss02,9,7148.0
master,sub-78,ss02,10,40084.0
master,sub-78,ss02,11,25534.0
master,sub-78,ss02,12,51300.0
master,sub-78,ss02,13,18032.0
master,sub-78,ss02,14,55872.0
master,sub-78,ss02,15,50450.0
master,sub-78,ss02,16,8770.0
master,sub-78,ss02,17,27618.0
master,sub-78,ss02,18,29702.0
master,sub-78,ss02,19,13426.0
master,sub-78,ss02,20,12842.0
master,sub-78,ss02,21,12724.0
master,sub-78,ss02,22,54666.0
master,sub-78,ss02,23,18946.0
master,sub-78,ss02,24,21806.0
master,sub-78,ss02,25,31902.0
master,sub-78,ss02,26,56506.0
master,sub-78,ss02,27,25056.0
master,sub-78,ss02,28,9606.0
master,sub-78,ss02,29,58226.0
master,sub-78,ss02,30,9978.0
master,sub-78,ss03,1,55432.0
master,sub-78,ss03,2,18892.0
master,sub-78,ss03,3,53528.0
master,sub-78,ss03,4,57234.0
master,sub-78,ss03,5,54986.0
master,sub-78,ss03,6,24470.0
master,sub-78,ss03,7,23330.0
master,sub-78,ss03,8,24118.0
master,sub-78,ss03,9,31284.0
master,sub-78,ss03,10,13736.0
master,sub-78,ss03,11,34268.0
master,sub-78,ss03,12,24582.0
master,sub-78,ss03,13,40144.0
master,sub-78,ss03,14,37238.0
master,sub-78,ss03,15,55338.0
master,sub-78,ss03,16,29364.0
master,sub-78,ss03,17,55020.0
master,sub-78,ss03,18,51118.0
master,sub-78,ss03,19,45354.0
master,sub-78,ss03,20,13882.0
master,sub-78,ss03,21,22608.0
master,sub-78,ss03,22,50104.0
master,sub-78,ss03,23,23014.0
master,sub-78,ss03,24,53946.0
master,sub-78,ss03,25,31632.0
master,sub-78,ss03,26,6842.0
master,sub-78,ss03,27,48542.0
master,sub-78,ss03,28,21346.0
master,sub-78,ss03,29,39674.0
master,sub-78,ss03,30,9884.0
master,sub-80,ss01,1,22324.0
master,sub-80,ss01,2,26432.0
master,sub-80,ss01,3,21436.0
master,sub-80,ss01,4,25114.0
master,sub-80,ss01,5,21364.0
master,sub-80,ss01,6,11568.0
master,sub-80,ss01,7,12636.0
master,sub-80,ss01,8,14420.0
master,sub-80,ss01,9,12154.0
master,sub-80,ss01,10,18124.0
master,sub-80,ss01,11,8606.0
master,sub-80,ss01,12,25336.0
master,sub-80,ss01,13,4518.0
master,sub-80,ss01,14,21890.0
master,sub-80,ss01,15,15270.0
master,sub-80,ss01,16,17772.0
master,sub-80,ss01,17,13944.0
master,sub-80,ss01,18,14320.0
master,sub-80,ss01,19,11996.0
master,sub-80,ss01,20,13934.0
master,sub-80,ss01,21,14488.0
master,sub-80,ss01,22,21526.0
master,sub-80,ss01,23,23006.0
master,sub-80,ss01,24,11252.0
master,sub-80,ss01,25,14202.0
master,sub-80,ss01,26,11196.0
master,sub-80,ss01,27,8702.0
master,sub-80,ss01,28,25862.0
master,sub-80,ss01,29,20208.0
master,sub-80,ss01,30,21734.0
master,sub-80,ss02,1,51762.0
master,sub-80,ss02,2,20296.0
master,sub-80,ss02,3,40490.0
master,sub-80,ss02,4,55042.0
master,sub-80,ss02,5,28070.0
master,sub-80,ss02,6,30324.0
master,sub-80,ss02,7,51958.0
master,sub-80,ss02,8,26330.0
master,sub-80,ss02,9,29622.0
master,sub-80,ss02,10,15736.0
master,sub-80,ss02,11,9128.0
master,sub-80,ss02,12,33372.0
master,sub-80,ss02,13,12166.0
master,sub-80,ss02,14,28740.0
master,sub-80,ss02,15,55968.0
master,sub-80,ss02,16,43456.0
master,sub-80,ss02,17,50256.0
master,sub-80,ss02,18,28474.0
master,sub-80,ss02,19,17404.0
master,sub-80,ss02,20,27094.0
master,sub-80,ss02,21,16664.0
master,sub-80,ss02,22,26968.0
master,sub-80,ss02,23,34526.0
master,sub-80,ss02,24,47860.0
master,sub-80,ss02,25,43430.0
master,sub-80,ss02,26,11748.0
master,sub-80,ss02,27,48742.0
master,sub-80,ss02,28,51430.0
master,sub-80,ss02,29,10382.0
master,sub-80,ss02,30,53510.0
master,sub-80,ss03,1,24030.0
master,sub-80,ss03,2,53634.0
master,sub-80,ss03,3,41494.0
master,sub-80,ss03,4,52778.0
master,sub-80,ss03,5,42178.0
master,sub-80,ss03,6,49970.0
master,sub-80,ss03,7,58482.0
master,sub-80,ss03,8,52250.0
master,sub-80,ss03,9,38436.0
master,sub-80,ss03,10,31036.0
master,sub-80,ss03,11,37968.0
master,sub-80,ss03,12,42558.0
master,sub-80,ss03,13,32484.0
master,sub-80,ss03,14,58812.0
master,sub-80,ss03,15,56342.0
master,sub-80,ss03,16,20404.0
master,sub-80,ss03,17,30938.0
master,sub-80,ss03,18,45538.0
master,sub-80,ss03,19,23560.0
master,sub-80,ss03,20,19102.0
master,sub-80,ss03,21,22948.0
master,sub-80,ss03,22,54752.0
master,sub-80,ss03,23,26616.0
master,sub-80,ss03,24,20836.0
master,sub-80,ss03,25,54922.0
master,sub-80,ss03,26,26796.0
master,sub-80,ss03,27,25478.0
master,sub-80,ss03,28,15614.0
master,sub-80,ss03,29,18230.0
master,sub-80,ss03,30,22172.0
amateur,sub-21,ss01,1,24276.0
amateur,sub-21,ss01,2,27646.0
amateur,sub-21,ss01,3,24100.0
amateur,sub-21,ss01,4,24368.0
amateur,sub-21,ss01,5,24112.0
amateur,sub-21,ss01,6,28780.0
amateur,sub-21,ss01,7,28296.0
amateur,sub-21,ss01,8,23056.0
amateur,sub-21,ss01,9,23254.0
amateur,sub-21,ss01,10,28586.0
amateur,sub-21,ss01,11,27320.0
amateur,sub-21,ss01,12,27156.0
amateur,sub-21,ss01,13,24632.0
amateur,sub-21,ss01,14,24042.0
amateur,sub-21,ss01,15,26146.0
amateur,sub-21,ss01,16,25024.0
amateur,sub-21,ss01,17,24656.0
amateur,sub-21,ss01,18,27720.0
amateur,sub-21,ss01,19,27986.0
amateur,sub-21,ss01,20,27888.0
amateur,sub-21,ss01,21,22982.0
amateur,sub-21,ss01,22,22840.0
amateur,sub-21,ss01,23,22370.0
amateur,sub-21,ss01,24,22460.0
amateur,sub-21,ss01,25,16082.0
amateur,sub-21,ss01,26,27682.0
amateur,sub-21,ss01,27,25796.0
amateur,sub-21,ss01,28,25800.0
amateur,sub-21,ss01,29,23130.0
amateur,sub-21,ss01,30,27826.0
amateur,sub-21,ss02,1,58038.0
amateur,sub-21,ss02,2,46798.0
amateur,sub-21,ss02,3,38128.0
amateur,sub-21,ss02,4,35088.0
amateur,sub-21,ss02,5,42852.0
amateur,sub-21,ss02,6,53396.0
amateur,sub-21,ss02,7,41746.0
amateur,sub-21,ss02,8,11798.0
amateur,sub-21,ss02,9,26290.0
amateur,sub-21,ss02,10,37112.0
amateur,sub-21,ss02,11,51520.0
amateur,sub-21,ss02,12,58104.0
amateur,sub-21,ss02,13,51172.0
amateur,sub-21,ss02,14,58354.0
amateur,sub-21,ss02,15,46356.0
amateur,sub-21,ss02,16,36756.0
amateur,sub-21,ss02,17,23570.0
amateur,sub-21,ss02,18,15934.0
amateur,sub-21,ss02,19,54676.0
amateur,sub-21,ss02,20,47040.0
amateur,sub-21,ss02,21,40066.0
amateur,sub-21,ss02,22,53146.0
amateur,sub-21,ss02,23,52604.0
amateur,sub-21,ss02,24,36744.0
amateur,sub-21,ss02,25,58090.0
amateur,sub-21,ss02,26,45518.0
amateur,sub-21,ss02,27,58552.0
amateur,sub-21,ss02,28,53312.0
amateur,sub-21,ss02,29,46494.0
amateur,sub-21,ss02,30,18636.0
amateur,sub-22,ss01,1,15528.0
amateur,sub-22,ss01,2,21474.0
amateur,sub-22,ss01,3,21458.0
amateur,sub-22,ss01,4,17534.0
amateur,sub-22,ss01,5,10050.0
amateur,sub-22,ss01,6,22618.0
amateur,sub-22,ss01,7,22916.0
amateur,sub-22,ss01,8,16066.0
amateur,sub-22,ss01,9,9364.0
amateur,sub-22,ss01,10,26652.0
amateur,sub-22,ss01,11,24852.0
amateur,sub-22,ss01,12,23316.0
amateur,sub-22,ss01,13,24376.0
amateur,sub-22,ss01,14,26066.0
amateur,sub-22,ss01,15,26158.0
amateur,sub-22,ss01,16,21910.0
amateur,sub-22,ss01,17,21344.0
amateur,sub-22,ss01,18,21142.0
amateur,sub-22,ss01,19,11004.0
amateur,sub-22,ss01,20,17174.0
amateur,sub-22,ss01,21,23040.0
amateur,sub-22,ss01,22,7252.0
amateur,sub-22,ss01,23,22252.0
amateur,sub-22,ss01,24,15514.0
amateur,sub-22,ss01,25,25470.0
amateur,sub-22,ss01,26,18532.0
amateur,sub-22,ss01,27,19652.0
amateur,sub-22,ss01,28,24992.0
amateur,sub-22,ss01,29,18042.0
amateur,sub-22,ss01,30,27558.0
amateur,sub-22,ss02,1,43894.0
amateur,sub-22,ss02,2,46764.0
amateur,sub-22,ss02,3,27408.0
amateur,sub-22,ss02,4,39780.0
amateur,sub-22,ss02,5,36480.0
amateur,sub-22,ss02,6,45956.0
amateur,sub-22,ss02,7,35502.0
amateur,sub-22,ss02,8,47904.0
amateur,sub-22,ss02,9,34498.0
amateur,sub-22,ss02,10,39004.0
amateur,sub-22,ss02,11,36622.0
amateur,sub-22,ss02,12,20170.0
amateur,sub-22,ss02,13,19872.0
amateur,sub-22,ss02,14,53012.0
amateur,sub-22,ss02,15,51346.0
amateur,sub-22,ss02,16,46330.0
amateur,sub-22,ss02,17,57936.0
amateur,sub-22,ss02,18,49674.0
amateur,sub-22,ss02,19,29278.0
amateur,sub-22,ss02,20,49676.0
amateur,sub-22,ss02,21,55890.0
amateur,sub-22,ss02,22,36534.0
amateur,sub-22,ss02,23,50770.0
amateur,sub-22,ss02,24,45486.0
amateur,sub-22,ss02,25,50456.0
amateur,sub-22,ss02,26,55168.0
amateur,sub-22,ss02,27,55186.0
amateur,sub-22,ss02,28,52524.0
amateur,sub-22,ss02,29,42724.0
amateur,sub-22,ss02,30,43952.0
amateur,sub-22,ss03,1,46792.0
amateur,sub-22,ss03,2,57024.0
amateur,sub-22,ss03,3,55524.0
amateur,sub-22,ss03,4,56200.0
amateur,sub-22,ss03,5,53410.0
amateur,sub-22,ss03,6,58644.0
amateur,sub-22,ss03,7,56550.0
amateur,sub-22,ss03,8,48768.0
amateur,sub-22,ss03,9,42552.0
amateur,sub-22,ss03,10,53650.0
amateur,sub-22,ss03,11,21820.0
amateur,sub-22,ss03,12,41614.0
amateur,sub-22,ss03,13,57452.0
amateur,sub-22,ss03,14,31762.0
amateur,sub-22,ss03,15,45332.0
amateur,sub-22,ss03,16,15196.0
amateur,sub-22,ss03,17,53114.0
amateur,sub-22,ss03,18,35526.0
amateur,sub-22,ss03,19,38388.0
amateur,sub-22,ss03,20,23518.0
amateur,sub-22,ss03,21,40500.0
amateur,sub-22,ss03,22,42302.0
amateur,sub-22,ss03,23,55600.0
amateur,sub-22,ss03,24,57356.0
amateur,sub-22,ss03,25,46134.0
amateur,sub-22,ss03,26,23090.0
amateur,sub-22,ss03,27,30210.0
amateur,sub-22,ss03,28,16130.0
amateur,sub-22,ss03,29,53540.0
amateur,sub-22,ss03,30,29810.0
amateur,sub-23,ss01,1,28640.0
amateur,sub-23,ss01,2,27854.0
amateur,sub-23,ss01,3,23604.0
amateur,sub-23,ss01,4,22958.0
amateur,sub-23,ss01,5,28106.0
amateur,sub-23,ss01,6,25560.0
amateur,sub-23,ss01,7,27058.0
amateur,sub-23,ss01,8,27298.0
amateur,sub-23,ss01,9,28890.0
amateur,sub-23,ss01,10,17540.0
amateur,sub-23,ss01,11,18690.0
amateur,sub-23,ss01,12,20452.0
amateur,sub-23,ss01,13,17124.0
amateur,sub-23,ss01,14,22460.0
amateur,sub-23,ss01,15,18932.0
amateur,sub-23,ss01,16,27056.0
amateur,sub-23,ss01,17,18852.0
amateur,sub-23,ss01,18,25800.0
amateur,sub-23,ss01,19,6148.0
amateur,sub-23,ss01,20,21950.0
amateur,sub-23,ss01,21,21712.0
amateur,sub-23,ss01,22,28232.0
amateur,sub-23,ss01,23,26462.0
amateur,sub-23,ss01,24,28962.0
amateur,sub-23,ss01,25,14850.0
amateur,sub-23,ss01,26,15268.0
amateur,sub-23,ss01,27,24984.0
amateur,sub-23,ss01,28,20718.0
amateur,sub-23,ss01,29,28512.0
amateur,sub-23,ss01,30,28354.0
amateur,sub-23,ss02,1,47494.0
amateur,sub-23,ss02,2,57118.0
amateur,sub-23,ss02,3,58730.0
amateur,sub-23,ss02,4,34964.0
amateur,sub-23,ss02,5,50118.0
amateur,sub-23,ss02,6,56774.0
amateur,sub-23,ss02,7,20276.0
amateur,sub-23,ss02,8,29936.0
amateur,sub-23,ss02,9,35104.0
amateur,sub-23,ss02,10,56492.0
amateur,sub-23,ss02,11,25576.0
amateur,sub-23,ss02,12,16636.0
amateur,sub-23,ss02,13,29606.0
amateur,sub-23,ss02,14,38248.0
amateur,sub-23,ss02,15,23680.0
amateur,sub-23,ss02,16,56506.0
amateur,sub-23,ss02,17,56796.0
amateur,sub-23,ss02,18,27372.0
amateur,sub-23,ss02,19,34074.0
amateur,sub-23,ss02,20,53472.0
amateur,sub-23,ss02,21,58384.0
amateur,sub-23,ss02,22,33010.0
amateur,sub-23,ss02,23,46956.0
amateur,sub-23,ss02,24,49700.0
amateur,sub-23,ss02,25,45044.0
amateur,sub-23,ss02,26,47842.0
amateur,sub-23,ss02,27,47052.0
amateur,sub-23,ss02,28,25240.0
amateur,sub-23,ss02,29,53490.0
amateur,sub-23,ss02,30,43080.0
amateur,sub-23,ss03,1,53744.0
amateur,sub-23,ss03,2,58440.0
amateur,sub-23,ss03,3,48896.0
amateur,sub-23,ss03,4,58956.0
amateur,sub-23,ss03,5,48926.0
amateur,sub-23,ss03,6,58044.0
amateur,sub-23,ss03,7,58200.0
amateur,sub-23,ss03,8,33754.0
amateur,sub-23,ss03,9,52642.0
amateur,sub-23,ss03,10,36042.0
amateur,sub-23,ss03,11,26208.0
amateur,sub-23,ss03,12,56564.0
amateur,sub-23,ss03,13,34282.0
amateur,sub-23,ss03,14,28736.0
amateur,sub-23,ss03,15,56408.0
amateur,sub-23,ss03,16,47984.0
amateur,sub-23,ss03,17,34856.0
amateur,sub-23,ss03,18,24140.0
amateur,sub-23,ss03,19,33698.0
amateur,sub-23,ss03,20,55468.0
amateur,sub-23,ss03,21,48176.0
amateur,sub-23,ss03,22,45020.0
amateur,sub-23,ss03,23,37680.0
amateur,sub-23,ss03,24,50324.0
amateur,sub-23,ss03,25,45660.0
amateur,sub-23,ss03,26,57966.0
amateur,sub-23,ss03,27,59012.0
amateur,sub-23,ss03,28,39482.0
amateur,sub-23,ss03,29,52150.0
amateur,sub-23,ss03,30,50288.0
amateur,sub-24,ss01,1,17420.0
amateur,sub-24,ss01,2,25268.0
amateur,sub-24,ss01,3,12836.0
amateur,sub-24,ss01,4,4970.0
amateur,sub-24,ss01,5,12510.0
amateur,sub-24,ss01,6,27664.0
amateur,sub-24,ss01,7,21864.0
amateur,sub-24,ss01,8,26022.0
amateur,sub-24,ss01,9,5668.0
amateur,sub-24,ss01,10,9438.0
amateur,sub-24,ss01,11,6448.0
amateur,sub-24,ss01,12,28574.0
amateur,sub-24,ss01,13,26142.0
amateur,sub-24,ss01,14,28336.0
amateur,sub-24,ss01,15,28926.0
amateur,sub-24,ss01,16,1900.0
amateur,sub-24,ss01,17,6508.0
amateur,sub-24,ss01,18,28274.0
amateur,sub-24,ss01,19,5538.0
amateur,sub-24,ss01,20,26726.0
amateur,sub-24,ss01,21,26486.0
amateur,sub-24,ss01,22,10200.0
amateur,sub-24,ss01,23,11428.0
amateur,sub-24,ss01,24,4494.0
amateur,sub-24,ss01,25,8530.0
amateur,sub-24,ss01,26,24736.0
amateur,sub-24,ss01,27,5652.0
amateur,sub-24,ss01,28,21440.0
amateur,sub-24,ss01,29,27452.0
amateur,sub-24,ss02,1,6090.0
amateur,sub-24,ss02,2,15182.0
amateur,sub-24,ss02,3,9368.0
amateur,sub-24,ss02,4,2194.0
amateur,sub-24,ss02,5,11104.0
amateur,sub-24,ss02,6,52916.0
amateur,sub-24,ss02,7,3244.0
amateur,sub-24,ss02,8,21024.0
amateur,sub-24,ss02,9,17854.0
amateur,sub-24,ss02,10,19658.0
amateur,sub-24,ss02,11,30368.0
amateur,sub-24,ss02,12,4644.0
amateur,sub-24,ss02,13,4230.0
amateur,sub-24,ss02,14,8704.0
amateur,sub-24,ss02,15,48332.0
amateur,sub-24,ss02,16,36268.0
amateur,sub-24,ss02,17,55506.0
amateur,sub-24,ss02,18,35804.0
amateur,sub-24,ss02,19,57822.0
amateur,sub-24,ss02,20,45232.0
amateur,sub-24,ss02,21,46166.0
amateur,sub-24,ss02,22,11666.0
amateur,sub-24,ss02,23,25634.0
amateur,sub-24,ss02,24,9716.0
amateur,sub-24,ss02,25,3822.0
amateur,sub-24,ss02,26,23980.0
amateur,sub-24,ss02,27,32984.0
amateur,sub-24,ss02,28,7064.0
amateur,sub-24,ss02,29,8886.0
amateur,sub-24,ss02,30,57334.0
amateur,sub-24,ss03,1,45240.0
amateur,sub-24,ss03,2,23104.0
amateur,sub-24,ss03,3,19700.0
amateur,sub-24,ss03,4,30550.0
amateur,sub-24,ss03,5,47218.0
amateur,sub-24,ss03,6,9950.0
amateur,sub-24,ss03,7,36488.0
amateur,sub-24,ss03,8,17778.0
amateur,sub-24,ss03,9,20860.0
amateur,sub-24,ss03,10,12296.0
amateur,sub-24,ss03,11,56888.0
amateur,sub-24,ss03,12,47586.0
amateur,sub-24,ss03,13,36806.0
amateur,sub-24,ss03,14,15932.0
amateur,sub-24,ss03,15,27242.0
amateur,sub-24,ss03,16,57010.0
amateur,sub-24,ss03,17,27866.0
amateur,sub-24,ss03,18,38168.0
amateur,sub-24,ss03,19,28556.0
amateur,sub-24,ss03,20,19268.0
amateur,sub-24,ss03,21,36762.0
amateur,sub-24,ss03,22,52598.0
amateur,sub-24,ss03,23,53876.0
amateur,sub-24,ss03,24,42328.0
amateur,sub-24,ss03,25,22724.0
amateur,sub-24,ss03,26,27894.0
amateur,sub-24,ss03,27,54348.0
amateur,sub-24,ss03,28,54644.0
amateur,sub-24,ss03,29,6320.0
amateur,sub-24,ss03,30,57792.0
amateur,sub-38,ss01,1,5944.0
amateur,sub-38,ss01,2,5186.0
amateur,sub-38,ss01,3,18600.0
amateur,sub-38,ss01,4,10490.0
amateur,sub-38,ss01,5,15502.0
amateur,sub-38,ss01,6,21664.0
amateur,sub-38,ss01,7,5086.0
amateur,sub-38,ss01,8,18482.0
amateur,sub-38,ss01,9,17010.0
amateur,sub-38,ss01,10,23590.0
amateur,sub-38,ss01,11,17982.0
amateur,sub-38,ss01,12,23166.0
amateur,sub-38,ss01,13,24708.0
amateur,sub-38,ss01,14,26436.0
amateur,sub-38,ss01,15,4816.0
amateur,sub-38,ss01,16,22376.0
amateur,sub-38,ss01,17,4260.0
amateur,sub-38,ss01,18,16156.0
amateur,sub-38,ss01,19,8738.0
amateur,sub-38,ss01,20,11272.0
amateur,sub-38,ss01,21,19228.0
amateur,sub-38,ss01,22,6798.0
amateur,sub-38,ss01,23,25082.0
amateur,sub-38,ss01,24,15198.0
amateur,sub-38,ss01,25,13150.0
amateur,sub-38,ss01,26,14204.0
amateur,sub-38,ss01,27,24730.0
amateur,sub-38,ss01,28,16962.0
amateur,sub-38,ss01,29,11194.0
amateur,sub-38,ss01,30,27754.0
amateur,sub-38,ss02,1,28852.0
amateur,sub-38,ss02,2,23142.0
amateur,sub-38,ss02,3,11128.0
amateur,sub-38,ss02,4,45684.0
amateur,sub-38,ss02,5,16944.0
amateur,sub-38,ss02,6,23690.0
amateur,sub-38,ss02,7,37622.0
amateur,sub-38,ss02,8,19044.0
amateur,sub-38,ss02,9,7776.0
amateur,sub-38,ss02,10,5250.0
amateur,sub-38,ss02,11,35992.0
amateur,sub-38,ss02,12,23112.0
amateur,sub-38,ss02,13,14798.0
amateur,sub-38,ss02,15,12682.0
amateur,sub-38,ss02,16,11636.0
amateur,sub-38,ss02,17,10430.0
amateur,sub-38,ss02,18,6320.0
amateur,sub-38,ss02,19,10418.0
amateur,sub-38,ss02,20,19006.0
amateur,sub-38,ss02,21,19960.0
amateur,sub-38,ss02,22,28060.0
amateur,sub-38,ss02,23,6236.0
amateur,sub-38,ss02,24,30902.0
amateur,sub-38,ss02,25,22818.0
amateur,sub-38,ss02,26,11070.0
amateur,sub-38,ss02,27,29880.0
amateur,sub-38,ss02,28,15608.0
amateur,sub-38,ss02,29,10980.0
amateur,sub-38,ss02,30,31420.0
amateur,sub-38,ss03,1,33718.0
amateur,sub-38,ss03,2,22112.0
amateur,sub-38,ss03,3,31566.0
amateur,sub-38,ss03,4,36944.0
amateur,sub-38,ss03,5,45442.0
amateur,sub-38,ss03,6,6460.0
amateur,sub-38,ss03,7,9344.0
amateur,sub-38,ss03,8,19890.0
amateur,sub-38,ss03,9,15442.0
amateur,sub-38,ss03,10,27064.0
amateur,sub-38,ss03,11,33984.0
amateur,sub-38,ss03,12,28084.0
amateur,sub-38,ss03,13,12044.0
amateur,sub-38,ss03,14,24676.0
amateur,sub-38,ss03,15,50706.0
amateur,sub-38,ss03,16,36600.0
amateur,sub-38,ss03,17,46514.0
amateur,sub-38,ss03,18,21972.0
amateur,sub-38,ss03,19,34424.0
amateur,sub-38,ss03,20,23642.0
amateur,sub-38,ss03,21,27394.0
amateur,sub-38,ss03,22,9918.0
amateur,sub-38,ss03,23,13550.0
amateur,sub-38,ss03,24,13818.0
amateur,sub-38,ss03,25,46464.0
amateur,sub-38,ss03,26,17586.0
amateur,sub-38,ss03,27,21530.0
amateur,sub-38,ss03,28,42144.0
amateur,sub-38,ss03,30,35642.0
amateur,sub-39,ss01,1,20920.0
amateur,sub-39,ss01,2,13168.0
amateur,sub-39,ss01,3,26346.0
amateur,sub-39,ss01,4,11502.0
amateur,sub-39,ss01,5,3980.0
amateur,sub-39,ss01,6,17390.0
amateur,sub-39,ss01,7,13362.0
amateur,sub-39,ss01,8,28454.0
amateur,sub-39,ss01,9,21166.0
amateur,sub-39,ss01,10,14400.0
amateur,sub-39,ss01,11,26054.0
amateur,sub-39,ss01,12,18770.0
amateur,sub-39,ss01,13,11724.0
amateur,sub-39,ss01,14,24360.0
amateur,sub-39,ss01,15,6880.0
amateur,sub-39,ss01,16,14854.0
amateur,sub-39,ss01,17,5724.0
amateur,sub-39,ss01,18,21904.0
amateur,sub-39,ss01,19,18482.0
amateur,sub-39,ss01,20,25994.0
amateur,sub-39,ss01,21,28106.0
amateur,sub-39,ss01,22,18230.0
amateur,sub-39,ss01,23,10982.0
amateur,sub-39,ss01,24,11948.0
amateur,sub-39,ss01,25,26662.0
amateur,sub-39,ss01,26,9356.0
amateur,sub-39,ss01,27,23708.0
amateur,sub-39,ss01,28,28024.0
amateur,sub-39,ss01,29,15662.0
amateur,sub-39,ss01,30,27966.0
amateur,sub-39,ss02,1,35568.0
amateur,sub-39,ss02,2,12808.0
amateur,sub-39,ss02,3,8940.0
amateur,sub-39,ss02,4,42748.0
amateur,sub-39,ss02,5,16990.0
amateur,sub-39,ss02,6,19344.0
amateur,sub-39,ss02,7,55086.0
amateur,sub-39,ss02,8,49820.0
amateur,sub-39,ss02,9,12128.0
amateur,sub-39,ss02,10,15398.0
amateur,sub-39,ss02,11,18396.0
amateur,sub-39,ss02,12,17210.0
amateur,sub-39,ss02,13,56748.0
amateur,sub-39,ss02,14,10166.0
amateur,sub-39,ss02,15,20438.0
amateur,sub-39,ss02,16,26934.0
amateur,sub-39,ss02,17,28992.0
amateur,sub-39,ss02,18,34056.0
amateur,sub-39,ss02,19,23642.0
amateur,sub-39,ss02,20,9296.0
amateur,sub-39,ss02,21,10972.0
amateur,sub-39,ss02,22,17374.0
amateur,sub-39,ss02,23,21582.0
amateur,sub-39,ss02,24,11168.0
amateur,sub-39,ss02,25,18348.0
amateur,sub-39,ss02,26,58866.0
amateur,sub-39,ss02,27,5218.0
amateur,sub-39,ss02,28,57132.0
amateur,sub-39,ss02,29,34078.0
amateur,sub-39,ss02,30,15964.0
amateur,sub-39,ss03,1,45160.0
amateur,sub-39,ss03,2,54342.0
amateur,sub-39,ss03,3,27202.0
amateur,sub-39,ss03,4,48748.0
amateur,sub-39,ss03,5,17110.0
amateur,sub-39,ss03,6,15598.0
amateur,sub-39,ss03,7,17456.0
amateur,sub-39,ss03,8,19300.0
amateur,sub-39,ss03,9,51972.0
amateur,sub-39,ss03,10,32888.0
amateur,sub-39,ss03,11,57634.0
amateur,sub-39,ss03,12,37686.0
amateur,sub-39,ss03,13,15272.0
amateur,sub-39,ss03,14,45664.0
amateur,sub-39,ss03,15,35328.0
amateur,sub-39,ss03,16,54262.0
amateur,sub-39,ss03,17,55752.0
amateur,sub-39,ss03,18,20142.0
amateur,sub-39,ss03,19,28426.0
amateur,sub-39,ss03,20,26728.0
amateur,sub-39,ss03,21,37644.0
amateur,sub-39,ss03,22,57516.0
amateur,sub-39,ss03,23,56162.0
amateur,sub-39,ss03,24,13902.0
amateur,sub-39,ss03,25,20108.0
amateur,sub-39,ss03,26,46272.0
amateur,sub-39,ss03,27,57590.0
amateur,sub-39,ss03,28,36558.0
amateur,sub-39,ss03,29,36604.0
amateur,sub-39,ss03,30,16248.0
amateur,sub-40,ss01,1,10742.0
amateur,sub-40,ss01,2,12014.0
amateur,sub-40,ss01,3,6322.0
amateur,sub-40,ss01,4,10834.0
amateur,sub-40,ss01,5,11136.0
amateur,sub-40,ss01,6,8098.0
amateur,sub-40,ss01,7,4554.0
amateur,sub-40,ss01,8,4684.0
amateur,sub-40,ss01,9,10156.0
amateur,sub-40,ss01,10,5566.0
amateur,sub-40,ss01,11,6898.0
amateur,sub-40,ss01,12,6838.0
amateur,sub-40,ss01,13,3324.0
amateur,sub-40,ss01,14,5400.0
amateur,sub-40,ss01,15,7128.0
amateur,sub-40,ss01,16,6512.0
amateur,sub-40,ss01,17,6394.0
amateur,sub-40,ss01,18,9004.0
amateur,sub-40,ss01,19,9398.0
amateur,sub-40,ss01,20,10672.0
amateur,sub-40,ss01,21,7038.0
amateur,sub-40,ss01,22,11466.0
amateur,sub-40,ss01,23,5462.0
amateur,sub-40,ss01,24,4272.0
amateur,sub-40,ss01,25,9812.0
amateur,sub-40,ss01,26,1592.0
amateur,sub-40,ss01,27,6538.0
amateur,sub-40,ss01,28,8324.0
amateur,sub-40,ss01,29,10504.0
amateur,sub-40,ss01,30,11566.0
amateur,sub-40,ss02,1,9764.0
amateur,sub-40,ss02,2,33690.0
amateur,sub-40,ss02,3,5078.0
amateur,sub-40,ss02,4,13034.0
amateur,sub-40,ss02,5,9264.0
amateur,sub-40,ss02,6,6990.0
amateur,sub-40,ss02,7,10554.0
amateur,sub-40,ss02,8,10688.0
amateur,sub-40,ss02,9,8612.0
amateur,sub-40,ss02,10,21444.0
amateur,sub-40,ss02,11,21098.0
amateur,sub-40,ss02,12,26312.0
amateur,sub-40,ss02,13,15604.0
amateur,sub-40,ss02,14,37566.0
amateur,sub-40,ss02,15,33858.0
amateur,sub-40,ss02,16,11318.0
amateur,sub-40,ss02,17,10716.0
amateur,sub-40,ss02,18,29426.0
amateur,sub-40,ss02,19,30622.0
amateur,sub-40,ss02,20,11612.0
amateur,sub-40,ss02,21,12786.0
amateur,sub-40,ss02,22,4562.0
amateur,sub-40,ss02,23,17672.0
amateur,sub-40,ss02,24,13144.0
amateur,sub-40,ss02,25,3804.0
amateur,sub-40,ss02,26,44602.0
amateur,sub-40,ss02,27,39636.0
amateur,sub-40,ss02,28,17898.0
amateur,sub-40,ss02,29,17924.0
amateur,sub-40,ss02,30,43860.0
amateur,sub-40,ss03,1,28758.0
amateur,sub-40,ss03,2,37176.0
amateur,sub-40,ss03,3,42806.0
amateur,sub-40,ss03,4,50216.0
amateur,sub-40,ss03,5,47500.0
amateur,sub-40,ss03,6,37676.0
amateur,sub-40,ss03,7,41218.0
amateur,sub-40,ss03,8,36666.0
amateur,sub-40,ss03,9,42170.0
amateur,sub-40,ss03,10,21412.0
amateur,sub-40,ss03,11,34552.0
amateur,sub-40,ss03,12,32406.0
amateur,sub-40,ss03,13,29238.0
amateur,sub-40,ss03,14,49078.0
amateur,sub-40,ss03,15,48252.0
amateur,sub-40,ss03,16,27730.0
amateur,sub-40,ss03,17,46154.0
amateur,sub-40,ss03,18,42322.0
amateur,sub-40,ss03,19,13106.0
amateur,sub-40,ss03,20,51496.0
amateur,sub-40,ss03,21,26022.0
amateur,sub-40,ss03,22,46830.0
amateur,sub-40,ss03,23,23206.0
amateur,sub-40,ss03,24,48302.0
amateur,sub-40,ss03,25,37670.0
amateur,sub-40,ss03,26,37162.0
amateur,sub-40,ss03,27,44684.0
amateur,sub-40,ss03,28,31764.0
amateur,sub-40,ss03,29,48128.0
amateur,sub-40,ss03,30,42456.0
amateur,sub-41,ss01,1,5208.0
amateur,sub-41,ss01,2,5360.0
amateur,sub-41,ss01,3,8434.0
amateur,sub-41,ss01,4,10740.0
amateur,sub-41,ss01,5,24874.0
amateur,sub-41,ss01,6,12342.0
amateur,sub-41,ss01,7,23972.0
amateur,sub-41,ss01,8,25346.0
amateur,sub-41,ss01,9,26430.0
amateur,sub-41,ss01,10,19686.0
amateur,sub-41,ss01,11,25594.0
amateur,sub-41,ss01,12,25512.0
amateur,sub-41,ss01,13,28158.0
amateur,sub-41,ss01,14,25844.0
amateur,sub-41,ss01,15,21406.0
amateur,sub-41,ss01,16,28214.0
amateur,sub-41,ss01,17,16240.0
amateur,sub-41,ss01,18,20578.0
amateur,sub-41,ss01,19,25038.0
amateur,sub-41,ss01,20,27948.0
amateur,sub-41,ss01,21,28764.0
amateur,sub-41,ss01,22,22314.0
amateur,sub-41,ss01,23,18190.0
amateur,sub-41,ss01,24,21464.0
amateur,sub-41,ss01,25,16650.0
amateur,sub-41,ss01,26,17464.0
amateur,sub-41,ss01,27,27554.0
amateur,sub-41,ss01,28,24964.0
amateur,sub-41,ss01,29,23238.0
amateur,sub-41,ss01,30,18662.0
amateur,sub-41,ss02,1,44406.0
amateur,sub-41,ss02,2,29790.0
amateur,sub-41,ss02,3,16608.0
amateur,sub-41,ss02,4,56420.0
amateur,sub-41,ss02,5,18816.0
amateur,sub-41,ss02,6,23814.0
amateur,sub-41,ss02,7,54706.0
amateur,sub-41,ss02,8,49840.0
amateur,sub-41,ss02,9,17666.0
amateur,sub-41,ss02,10,46106.0
amateur,sub-41,ss02,11,45616.0
amateur,sub-41,ss02,12,47348.0
amateur,sub-41,ss02,13,23852.0
amateur,sub-41,ss02,14,30386.0
amateur,sub-41,ss02,15,22780.0
amateur,sub-41,ss02,16,19392.0
amateur,sub-41,ss02,17,29430.0
amateur,sub-41,ss02,18,14896.0
amateur,sub-41,ss02,19,34410.0
amateur,sub-41,ss02,20,10444.0
amateur,sub-41,ss02,21,12318.0
amateur,sub-41,ss02,22,24140.0
amateur,sub-41,ss02,23,15088.0
amateur,sub-41,ss02,24,20706.0
amateur,sub-41,ss02,25,18548.0
amateur,sub-41,ss02,26,15102.0
amateur,sub-41,ss02,27,49470.0
amateur,sub-41,ss02,28,51242.0
amateur,sub-41,ss02,29,19712.0
amateur,sub-41,ss02,30,20252.0
amateur,sub-41,ss03,1,36814.0
amateur,sub-41,ss03,2,11412.0
amateur,sub-41,ss03,3,43870.0
amateur,sub-41,ss03,4,34870.0
amateur,sub-41,ss03,5,48108.0
amateur,sub-41,ss03,6,55472.0
amateur,sub-41,ss03,7,51480.0
amateur,sub-41,ss03,8,50360.0
amateur,sub-41,ss03,9,32246.0
amateur,sub-41,ss03,10,11336.0
amateur,sub-41,ss03,11,8364.0
amateur,sub-41,ss03,12,13264.0
amateur,sub-41,ss03,13,34216.0
amateur,sub-41,ss03,14,14872.0
amateur,sub-41,ss03,15,38056.0
amateur,sub-41,ss03,16,18322.0
amateur,sub-41,ss03,17,37536.0
amateur,sub-41,ss03,18,18908.0
amateur,sub-41,ss03,19,23502.0
amateur,sub-41,ss03,20,45160.0
amateur,sub-41,ss03,21,45008.0
amateur,sub-41,ss03,22,48388.0
amateur,sub-41,ss03,23,20874.0
amateur,sub-41,ss03,24,9560.0
amateur,sub-41,ss03,25,23374.0
amateur,sub-41,ss03,26,51960.0
amateur,sub-41,ss03,27,43256.0
amateur,sub-41,ss03,28,20644.0
amateur,sub-41,ss03,29,24708.0
amateur,sub-41,ss03,30,45000.0
amateur,sub-42,ss01,1,23936.0
amateur,sub-42,ss01,2,18888.0
amateur,sub-42,ss01,3,24170.0
amateur,sub-42,ss01,4,21206.0
amateur,sub-42,ss01,5,25926.0
amateur,sub-42,ss01,6,16348.0
amateur,sub-42,ss01,7,21270.0
amateur,sub-42,ss01,8,25502.0
amateur,sub-42,ss01,9,27692.0
amateur,sub-42,ss01,10,13892.0
amateur,sub-42,ss01,11,18878.0
amateur,sub-42,ss01,12,15358.0
amateur,sub-42,ss01,13,3264.0
amateur,sub-42,ss01,14,10290.0
amateur,sub-42,ss01,15,13762.0
amateur,sub-42,ss01,16,11070.0
amateur,sub-42,ss01,17,27724.0
amateur,sub-42,ss01,18,12518.0
amateur,sub-42,ss01,19,19468.0
amateur,sub-42,ss01,20,23382.0
amateur,sub-42,ss01,21,22700.0
amateur,sub-42,ss01,22,25516.0
amateur,sub-42,ss01,23,18518.0
amateur,sub-42,ss01,24,21900.0
amateur,sub-42,ss01,25,12244.0
amateur,sub-42,ss01,26,26796.0
amateur,sub-42,ss01,27,17650.0
amateur,sub-42,ss01,28,5940.0
amateur,sub-42,ss01,29,19980.0
amateur,sub-42,ss01,30,10786.0
amateur,sub-42,ss02,1,46568.0
amateur,sub-42,ss02,2,38364.0
amateur,sub-42,ss02,3,36832.0
amateur,sub-42,ss02,4,47408.0
amateur,sub-42,ss02,5,3308.0
amateur,sub-42,ss02,6,6584.0
amateur,sub-42,ss02,7,39388.0
amateur,sub-42,ss02,8,41670.0
amateur,sub-42,ss02,9,27102.0
amateur,sub-42,ss02,10,22792.0
amateur,sub-42,ss02,11,53818.0
amateur,sub-42,ss02,12,38832.0
amateur,sub-42,ss02,13,28904.0
amateur,sub-42,ss02,14,26782.0
amateur,sub-42,ss02,15,57376.0
amateur,sub-42,ss02,16,36002.0
amateur,sub-42,ss02,17,40098.0
amateur,sub-42,ss02,18,9044.0
amateur,sub-42,ss02,19,57658.0
amateur,sub-42,ss02,20,43622.0
amateur,sub-42,ss02,21,36418.0
amateur,sub-42,ss02,22,24134.0
amateur,sub-42,ss02,23,9106.0
amateur,sub-42,ss02,24,20036.0
amateur,sub-42,ss02,25,26842.0
amateur,sub-42,ss02,26,34246.0
amateur,sub-42,ss02,27,20268.0
amateur,sub-42,ss02,28,46990.0
amateur,sub-42,ss02,29,56482.0
amateur,sub-42,ss02,30,22872.0
amateur,sub-42,ss03,1,58484.0
amateur,sub-42,ss03,2,40212.0
amateur,sub-42,ss03,3,57896.0
amateur,sub-42,ss03,4,57108.0
amateur,sub-42,ss03,5,39462.0
amateur,sub-42,ss03,6,37466.0
amateur,sub-42,ss03,7,41882.0
amateur,sub-42,ss03,8,30224.0
amateur,sub-42,ss03,9,55636.0
amateur,sub-42,ss03,10,20400.0
amateur,sub-42,ss03,11,55912.0
amateur,sub-42,ss03,12,28020.0
amateur,sub-42,ss03,13,41374.0
amateur,sub-42,ss03,14,44098.0
amateur,sub-42,ss03,15,27854.0
amateur,sub-42,ss03,16,13234.0
amateur,sub-42,ss03,17,45360.0
amateur,sub-42,ss03,18,39190.0
amateur,sub-42,ss03,19,47208.0
amateur,sub-42,ss03,20,29580.0
amateur,sub-42,ss03,21,29968.0
amateur,sub-42,ss03,22,30238.0
amateur,sub-42,ss03,23,21990.0
amateur,sub-42,ss03,24,23232.0
amateur,sub-42,ss03,25,41922.0
amateur,sub-42,ss03,26,23164.0
amateur,sub-42,ss03,27,16790.0
amateur,sub-42,ss03,28,21798.0
amateur,sub-42,ss03,29,13774.0
amateur,sub-42,ss03,30,20830.0
amateur,sub-43,ss01,1,18512.0
amateur,sub-43,ss01,2,22048.0
amateur,sub-43,ss01,3,23520.0
amateur,sub-43,ss01,4,20128.0
amateur,sub-43,ss01,5,25548.0
amateur,sub-43,ss01,6,6954.0
amateur,sub-43,ss01,7,11020.0
amateur,sub-43,ss01,8,9960.0
amateur,sub-43,ss01,9,8392.0
amateur,sub-43,ss01,10,21696.0
amateur,sub-43,ss01,11,12290.0
amateur,sub-43,ss01,12,22720.0
amateur,sub-43,ss01,13,23778.0
amateur,sub-43,ss01,14,5514.0
amateur,sub-43,ss01,15,19230.0
amateur,sub-43,ss01,16,15274.0
amateur,sub-43,ss01,17,10086.0
amateur,sub-43,ss01,18,15542.0
amateur,sub-43,ss01,19,16578.0
amateur,sub-43,ss01,20,19058.0
amateur,sub-43,ss01,21,13254.0
amateur,sub-43,ss01,22,19648.0
amateur,sub-43,ss01,23,13410.0
amateur,sub-43,ss01,24,12242.0
amateur,sub-43,ss01,25,11924.0
amateur,sub-43,ss01,26,13840.0
amateur,sub-43,ss01,27,24138.0
amateur,sub-43,ss01,28,20010.0
amateur,sub-43,ss01,29,21308.0
amateur,sub-43,ss01,30,21822.0
amateur,sub-43,ss02,1,44790.0
amateur,sub-43,ss02,2,49650.0
amateur,sub-43,ss02,3,45984.0
amateur,sub-43,ss02,4,48342.0
amateur,sub-43,ss02,5,53846.0
amateur,sub-43,ss02,6,50956.0
amateur,sub-43,ss02,7,21416.0
amateur,sub-43,ss02,8,16920.0
amateur,sub-43,ss02,9,46352.0
amateur,sub-43,ss02,10,45414.0
amateur,sub-43,ss02,11,31866.0
amateur,sub-43,ss02,12,50882.0
amateur,sub-43,ss02,13,52500.0
amateur,sub-43,ss02,14,45308.0
amateur,sub-43,ss02,15,21550.0
amateur,sub-43,ss02,16,40842.0
amateur,sub-43,ss02,17,54400.0
amateur,sub-43,ss02,18,50854.0
amateur,sub-43,ss02,19,39178.0
amateur,sub-43,ss02,20,55042.0
amateur,sub-43,ss02,21,21686.0
amateur,sub-43,ss02,22,26434.0
amateur,sub-43,ss02,23,47476.0
amateur,sub-43,ss02,24,43338.0
amateur,sub-43,ss02,25,27554.0
amateur,sub-43,ss02,26,44014.0
amateur,sub-43,ss02,27,47966.0
amateur,sub-43,ss02,28,38386.0
amateur,sub-43,ss02,29,20984.0
amateur,sub-43,ss02,30,41412.0
amateur,sub-43,ss03,1,55414.0
amateur,sub-43,ss03,2,53360.0
amateur,sub-43,ss03,3,26684.0
amateur,sub-43,ss03,4,51494.0
amateur,sub-43,ss03,5,53818.0
amateur,sub-43,ss03,6,30000.0
amateur,sub-43,ss03,7,42364.0
amateur,sub-43,ss03,8,54240.0
amateur,sub-43,ss03,9,54750.0
amateur,sub-43,ss03,10,52452.0
amateur,sub-43,ss03,11,32334.0
amateur,sub-43,ss03,12,55188.0
amateur,sub-43,ss03,13,50404.0
amateur,sub-43,ss03,14,50386.0
amateur,sub-43,ss03,15,53252.0
amateur,sub-43,ss03,16,54564.0
amateur,sub-43,ss03,17,55612.0
amateur,sub-43,ss03,18,50636.0
amateur,sub-43,ss03,19,51388.0
amateur,sub-43,ss03,20,51984.0
amateur,sub-43,ss03,21,53802.0
amateur,sub-43,ss03,22,53870.0
amateur,sub-43,ss03,23,54744.0
amateur,sub-43,ss03,24,55076.0
amateur,sub-43,ss03,25,32060.0
amateur,sub-43,ss03,26,49152.0
amateur,sub-43,ss03,27,53084.0
amateur,sub-43,ss03,28,55592.0
amateur,sub-43,ss03,29,54742.0
amateur,sub-43,ss03,30,37562.0
amateur,sub-44,ss01,1,6064.0
amateur,sub-44,ss01,2,18592.0
amateur,sub-44,ss01,3,24906.0
amateur,sub-44,ss01,4,25170.0
amateur,sub-44,ss01,5,25746.0
amateur,sub-44,ss01,6,27640.0
amateur,sub-44,ss01,7,17812.0
amateur,sub-44,ss01,8,25076.0
amateur,sub-44,ss01,9,22338.0
amateur,sub-44,ss01,10,26946.0
amateur,sub-44,ss01,11,10072.0
amateur,sub-44,ss01,12,17898.0
amateur,sub-44,ss01,13,28488.0
amateur,sub-44,ss01,14,28318.0
amateur,sub-44,ss01,15,28176.0
amateur,sub-44,ss01,16,28564.0
amateur,sub-44,ss01,17,26228.0
amateur,sub-44,ss01,18,25636.0
amateur,sub-44,ss01,19,24958.0
amateur,sub-44,ss01,20,25654.0
amateur,sub-44,ss01,21,24350.0
amateur,sub-44,ss01,22,23806.0
amateur,sub-44,ss01,23,28546.0
amateur,sub-44,ss01,24,27412.0
amateur,sub-44,ss01,25,28248.0
amateur,sub-44,ss01,26,21696.0
amateur,sub-44,ss01,27,17450.0
amateur,sub-44,ss01,28,28246.0
amateur,sub-44,ss01,29,26848.0
amateur,sub-44,ss01,30,18806.0
amateur,sub-44,ss02,1,51700.0
amateur,sub-44,ss02,2,54658.0
amateur,sub-44,ss02,3,54674.0
amateur,sub-44,ss02,4,23138.0
amateur,sub-44,ss02,5,33998.0
amateur,sub-44,ss02,6,32554.0
amateur,sub-44,ss02,7,40488.0
amateur,sub-44,ss02,8,43236.0
amateur,sub-44,ss02,9,50592.0
amateur,sub-44,ss02,10,51752.0
amateur,sub-44,ss02,11,52572.0
amateur,sub-44,ss02,12,52124.0
amateur,sub-44,ss02,13,48814.0
amateur,sub-44,ss02,14,25676.0
amateur,sub-44,ss02,15,43694.0
amateur,sub-44,ss02,16,45626.0
amateur,sub-44,ss02,17,50094.0
amateur,sub-44,ss02,18,32812.0
amateur,sub-44,ss02,19,37688.0
amateur,sub-44,ss02,20,34742.0
amateur,sub-44,ss02,21,41784.0
amateur,sub-44,ss02,22,55784.0
amateur,sub-44,ss02,23,29346.0
amateur,sub-44,ss02,24,52604.0
amateur,sub-44,ss02,25,51444.0
amateur,sub-44,ss02,26,24684.0
amateur,sub-44,ss02,27,33388.0
amateur,sub-44,ss02,28,52120.0
amateur,sub-44,ss02,29,38002.0
amateur,sub-44,ss02,30,52114.0
amateur,sub-44,ss03,1,29720.0
amateur,sub-44,ss03,2,49548.0
amateur,sub-44,ss03,3,30816.0
amateur,sub-44,ss03,4,29124.0
amateur,sub-44,ss03,5,42244.0
amateur,sub-44,ss03,6,51770.0
amateur,sub-44,ss03,7,38544.0
amateur,sub-44,ss03,8,34542.0
amateur,sub-44,ss03,9,18028.0
amateur,sub-44,ss03,10,51124.0
amateur,sub-44,ss03,11,49740.0
amateur,sub-44,ss03,12,36630.0
amateur,sub-44,ss03,13,49360.0
amateur,sub-44,ss03,14,44824.0
amateur,sub-44,ss03,15,39312.0
amateur,sub-44,ss03,16,31762.0
amateur,sub-44,ss03,17,41626.0
amateur,sub-44,ss03,18,51586.0
amateur,sub-44,ss03,19,47356.0
amateur,sub-44,ss03,20,29960.0
amateur,sub-44,ss03,21,49492.0
amateur,sub-44,ss03,22,38324.0
amateur,sub-44,ss03,23,55328.0
amateur,sub-44,ss03,24,53980.0
amateur,sub-44,ss03,25,23246.0
amateur,sub-44,ss03,26,52454.0
amateur,sub-44,ss03,27,54678.0
amateur,sub-44,ss03,28,28440.0
amateur,sub-44,ss03,29,51210.0
amateur,sub-44,ss03,30,51272.0
amateur,sub-45,ss01,1,22758.0
amateur,sub-45,ss01,2,28420.0
amateur,sub-45,ss01,3,9744.0
amateur,sub-45,ss01,4,26130.0
amateur,sub-45,ss01,5,24216.0
amateur,sub-45,ss01,6,19448.0
amateur,sub-45,ss01,7,27200.0
amateur,sub-45,ss01,8,27352.0
amateur,sub-45,ss01,9,27268.0
amateur,sub-45,ss01,10,10460.0
amateur,sub-45,ss01,11,29006.0
amateur,sub-45,ss01,12,24848.0
amateur,sub-45,ss01,13,15222.0
amateur,sub-45,ss01,14,21512.0
amateur,sub-45,ss01,15,22190.0
amateur,sub-45,ss01,16,24528.0
amateur,sub-45,ss01,17,20928.0
amateur,sub-45,ss01,18,22960.0
amateur,sub-45,ss01,19,20936.0
amateur,sub-45,ss01,20,22702.0
amateur,sub-45,ss01,21,21148.0
amateur,sub-45,ss01,22,26768.0
amateur,sub-45,ss01,23,19686.0
amateur,sub-45,ss01,24,26292.0
amateur,sub-45,ss01,25,25350.0
amateur,sub-45,ss01,26,13502.0
amateur,sub-45,ss01,27,12362.0
amateur,sub-45,ss01,28,21266.0
amateur,sub-45,ss01,29,22566.0
amateur,sub-45,ss01,30,19312.0
amateur,sub-45,ss02,1,51430.0
amateur,sub-45,ss02,2,53046.0
amateur,sub-45,ss02,3,51984.0
amateur,sub-45,ss02,4,24622.0
amateur,sub-45,ss02,5,57028.0
amateur,sub-45,ss02,6,58416.0
amateur,sub-45,ss02,7,51370.0
amateur,sub-45,ss02,8,41208.0
amateur,sub-45,ss02,9,42712.0
amateur,sub-45,ss02,10,55320.0
amateur,sub-45,ss02,11,21638.0
amateur,sub-45,ss02,12,50204.0
amateur,sub-45,ss02,13,54524.0
amateur,sub-45,ss02,14,57018.0
amateur,sub-45,ss02,15,10456.0
amateur,sub-45,ss02,16,33746.0
amateur,sub-45,ss02,17,42212.0
amateur,sub-45,ss02,18,52288.0
amateur,sub-45,ss02,19,28212.0
amateur,sub-45,ss02,20,32110.0
amateur,sub-45,ss02,21,26572.0
amateur,sub-45,ss02,22,52682.0
amateur,sub-45,ss02,23,42398.0
amateur,sub-45,ss02,24,53696.0
amateur,sub-45,ss02,25,55294.0
amateur,sub-45,ss02,26,36016.0
amateur,sub-45,ss02,27,53650.0
amateur,sub-45,ss02,28,17502.0
amateur,sub-45,ss02,29,39892.0
amateur,sub-45,ss02,30,35838.0
amateur,sub-45,ss03,1,56576.0
amateur,sub-45,ss03,2,56338.0
amateur,sub-45,ss03,3,52888.0
amateur,sub-45,ss03,4,55274.0
amateur,sub-45,ss03,5,57110.0
amateur,sub-45,ss03,6,55370.0
amateur,sub-45,ss03,7,34652.0
amateur,sub-45,ss03,8,50518.0
amateur,sub-45,ss03,9,31902.0
amateur,sub-45,ss03,10,54304.0
amateur,sub-45,ss03,11,57126.0
amateur,sub-45,ss03,12,56036.0
amateur,sub-45,ss03,13,58216.0
amateur,sub-45,ss03,14,57390.0
amateur,sub-45,ss03,15,56560.0
amateur,sub-45,ss03,16,54248.0
amateur,sub-45,ss03,17,54504.0
amateur,sub-45,ss03,18,55632.0
amateur,sub-45,ss03,19,29220.0
amateur,sub-45,ss03,20,54392.0
amateur,sub-45,ss03,21,51764.0
amateur,sub-45,ss03,22,57332.0
amateur,sub-45,ss03,23,55110.0
amateur,sub-45,ss03,24,54674.0
amateur,sub-45,ss03,25,55706.0
amateur,sub-45,ss03,26,58160.0
amateur,sub-45,ss03,27,57514.0
amateur,sub-45,ss03,28,56348.0
amateur,sub-45,ss03,29,57534.0
amateur,sub-45,ss03,30,51374.0
amateur,sub-46,ss01,1,25130.0
amateur,sub-46,ss01,2,24550.0
amateur,sub-46,ss01,3,17094.0
amateur,sub-46,ss01,4,28238.0
amateur,sub-46,ss01,5,27104.0
amateur,sub-46,ss01,6,24028.0
amateur,sub-46,ss01,7,23752.0
amateur,sub-46,ss01,8,24714.0
amateur,sub-46,ss01,9,26198.0
amateur,sub-46,ss01,10,28958.0
amateur,sub-46,ss01,11,27814.0
amateur,sub-46,ss01,12,23464.0
amateur,sub-46,ss01,13,28508.0
amateur,sub-46,ss01,14,28768.0
amateur,sub-46,ss01,15,28594.0
amateur,sub-46,ss01,16,28294.0
amateur,sub-46,ss01,17,25932.0
amateur,sub-46,ss01,18,26466.0
amateur,sub-46,ss01,19,28312.0
amateur,sub-46,ss01,20,28244.0
amateur,sub-46,ss01,21,26054.0
amateur,sub-46,ss01,22,28380.0
amateur,sub-46,ss01,23,28312.0
amateur,sub-46,ss01,24,28914.0
amateur,sub-46,ss01,25,28234.0
amateur,sub-46,ss01,26,28864.0
amateur,sub-46,ss01,27,28548.0
amateur,sub-46,ss01,28,17016.0
amateur,sub-46,ss01,29,21238.0
amateur,sub-46,ss01,30,22392.0
amateur,sub-46,ss02,1,29818.0
amateur,sub-46,ss02,2,52040.0
amateur,sub-46,ss02,3,9238.0
amateur,sub-46,ss02,4,37300.0
amateur,sub-46,ss02,5,43148.0
amateur,sub-46,ss02,6,33676.0
amateur,sub-46,ss02,7,21398.0
amateur,sub-46,ss02,8,52956.0
amateur,sub-46,ss02,9,41148.0
amateur,sub-46,ss02,10,49318.0
amateur,sub-46,ss02,11,37602.0
amateur,sub-46,ss02,12,51232.0
amateur,sub-46,ss02,13,56054.0
amateur,sub-46,ss02,14,46800.0
amateur,sub-46,ss02,15,41506.0
amateur,sub-46,ss02,16,36584.0
amateur,sub-46,ss02,17,46834.0
amateur,sub-46,ss02,18,37580.0
amateur,sub-46,ss02,19,46392.0
amateur,sub-46,ss02,20,54804.0
amateur,sub-46,ss02,21,49618.0
amateur,sub-46,ss02,22,30918.0
amateur,sub-46,ss02,23,51088.0
amateur,sub-46,ss02,24,27344.0
amateur,sub-46,ss02,25,52356.0
amateur,sub-46,ss02,26,45224.0
amateur,sub-46,ss02,27,49858.0
amateur,sub-46,ss02,28,51172.0
amateur,sub-46,ss02,29,51740.0
amateur,sub-46,ss02,30,32558.0
amateur,sub-46,ss03,1,53110.0
amateur,sub-46,ss03,2,48802.0
amateur,sub-46,ss03,3,45330.0
amateur,sub-46,ss03,4,39480.0
amateur,sub-46,ss03,5,44470.0
amateur,sub-46,ss03,6,50312.0
amateur,sub-46,ss03,7,48896.0
amateur,sub-46,ss03,8,50642.0
amateur,sub-46,ss03,9,53956.0
amateur,sub-46,ss03,10,54490.0
amateur,sub-46,ss03,11,50858.0
amateur,sub-46,ss03,12,51110.0
amateur,sub-46,ss03,13,45300.0
amateur,sub-46,ss03,14,47360.0
amateur,sub-46,ss03,15,46586.0
amateur,sub-46,ss03,16,45214.0
amateur,sub-46,ss03,17,43846.0
amateur,sub-46,ss03,18,55264.0
amateur,sub-46,ss03,19,39632.0
amateur,sub-46,ss03,20,45720.0
amateur,sub-46,ss03,21,48964.0
amateur,sub-46,ss03,22,42980.0
amateur,sub-46,ss03,23,51020.0
amateur,sub-46,ss03,24,51260.0
amateur,sub-46,ss03,25,53734.0
amateur,sub-46,ss03,26,47880.0
amateur,sub-46,ss03,27,45958.0
amateur,sub-46,ss03,28,54942.0
amateur,sub-46,ss03,29,47146.0
amateur,sub-46,ss03,30,55088.0
amateur,sub-47,ss01,1,19140.0
amateur,sub-47,ss01,2,27732.0
amateur,sub-47,ss01,3,21658.0
amateur,sub-47,ss01,4,28276.0
amateur,sub-47,ss01,5,16300.0
amateur,sub-47,ss01,6,18090.0
amateur,sub-47,ss01,7,16180.0
amateur,sub-47,ss01,8,27800.0
amateur,sub-47,ss01,9,26500.0
amateur,sub-47,ss01,10,26514.0
amateur,sub-47,ss01,11,24710.0
amateur,sub-47,ss01,12,27762.0
amateur,sub-47,ss01,13,17008.0
amateur,sub-47,ss01,14,24760.0
amateur,sub-47,ss01,15,18628.0
amateur,sub-47,ss01,16,22526.0
amateur,sub-47,ss01,17,26724.0
amateur,sub-47,ss01,18,15580.0
amateur,sub-47,ss01,19,20596.0
amateur,sub-47,ss01,20,24228.0
amateur,sub-47,ss01,21,18886.0
amateur,sub-47,ss01,22,15208.0
amateur,sub-47,ss01,23,26718.0
amateur,sub-47,ss01,24,16710.0
amateur,sub-47,ss01,25,23114.0
amateur,sub-47,ss01,26,20290.0
amateur,sub-47,ss01,27,22348.0
amateur,sub-47,ss01,28,13116.0
amateur,sub-47,ss01,29,23308.0
amateur,sub-47,ss01,30,26516.0
amateur,sub-47,ss02,1,53976.0
amateur,sub-47,ss02,2,38386.0
amateur,sub-47,ss02,3,32930.0
amateur,sub-47,ss02,4,35984.0
amateur,sub-47,ss02,5,31014.0
amateur,sub-47,ss02,6,57020.0
amateur,sub-47,ss02,7,30814.0
amateur,sub-47,ss02,8,22206.0
amateur,sub-47,ss02,9,31972.0
amateur,sub-47,ss02,10,29422.0
amateur,sub-47,ss02,11,32328.0
amateur,sub-47,ss02,12,16552.0
amateur,sub-47,ss02,13,55626.0
amateur,sub-47,ss02,14,55004.0
amateur,sub-47,ss02,15,56050.0
amateur,sub-47,ss02,16,43358.0
amateur,sub-47,ss02,17,23280.0
amateur,sub-47,ss02,18,58204.0
amateur,sub-47,ss02,19,53052.0
amateur,sub-47,ss02,20,57508.0
amateur,sub-47,ss02,21,58390.0
amateur,sub-47,ss02,22,51166.0
amateur,sub-47,ss02,23,54830.0
amateur,sub-47,ss02,24,13318.0
amateur,sub-47,ss02,25,22374.0
amateur,sub-47,ss02,26,31944.0
amateur,sub-47,ss02,27,54768.0
amateur,sub-47,ss02,28,45002.0
amateur,sub-47,ss02,29,27186.0
amateur,sub-47,ss02,30,53888.0
amateur,sub-47,ss03,1,44928.0
amateur,sub-47,ss03,2,59320.0
amateur,sub-47,ss03,3,55394.0
amateur,sub-47,ss03,4,46790.0
amateur,sub-47,ss03,5,45014.0
amateur,sub-47,ss03,6,58250.0
amateur,sub-47,ss03,7,39372.0
amateur,sub-47,ss03,8,56790.0
amateur,sub-47,ss03,9,57142.0
amateur,sub-47,ss03,10,45178.0
amateur,sub-47,ss03,11,56656.0
amateur,sub-47,ss03,12,55428.0
amateur,sub-47,ss03,13,57150.0
amateur,sub-47,ss03,14,58086.0
amateur,sub-47,ss03,15,56170.0
amateur,sub-47,ss03,16,58370.0
amateur,sub-47,ss03,17,44626.0
amateur,sub-47,ss03,18,57186.0
amateur,sub-47,ss03,19,32612.0
amateur,sub-47,ss03,20,33198.0
amateur,sub-47,ss03,21,50388.0
amateur,sub-47,ss03,22,56154.0
amateur,sub-47,ss03,23,42744.0
amateur,sub-47,ss03,24,44406.0
amateur,sub-47,ss03,25,44804.0
amateur,sub-47,ss03,26,57624.0
amateur,sub-47,ss03,27,41104.0
amateur,sub-47,ss03,28,57234.0
amateur,sub-47,ss03,29,47376.0
amateur,sub-47,ss03,30,43184.0
amateur,sub-49,ss01,1,15572.0
amateur,sub-49,ss01,2,16144.0
amateur,sub-49,ss01,3,25344.0
amateur,sub-49,ss01,4,28936.0
amateur,sub-49,ss01,5,26340.0
amateur,sub-49,ss01,6,24782.0
amateur,sub-49,ss01,7,21134.0
amateur,sub-49,ss01,8,20700.0
amateur,sub-49,ss01,9,16240.0
amateur,sub-49,ss01,10,15556.0
amateur,sub-49,ss01,11,24394.0
amateur,sub-49,ss01,12,23436.0
amateur,sub-49,ss01,13,19364.0
amateur,sub-49,ss01,14,10468.0
amateur,sub-49,ss01,15,15216.0
amateur,sub-49,ss01,16,26560.0
amateur,sub-49,ss01,17,27076.0
amateur,sub-49,ss01,18,23340.0
amateur,sub-49,ss01,19,28512.0
amateur,sub-49,ss01,20,21612.0
amateur,sub-49,ss01,21,28428.0
amateur,sub-49,ss01,22,11482.0
amateur,sub-49,ss01,23,9270.0
amateur,sub-49,ss01,24,21344.0
amateur,sub-49,ss01,25,20856.0
amateur,sub-49,ss01,26,25950.0
amateur,sub-49,ss01,27,13284.0
amateur,sub-49,ss01,28,8816.0
amateur,sub-49,ss01,29,17342.0
amateur,sub-49,ss01,30,24846.0
amateur,sub-49,ss02,1,25152.0
amateur,sub-49,ss02,2,32298.0
amateur,sub-49,ss02,3,19744.0
amateur,sub-49,ss02,4,40884.0
amateur,sub-49,ss02,5,39812.0
amateur,sub-49,ss02,6,44486.0
amateur,sub-49,ss02,7,18094.0
amateur,sub-49,ss02,8,30418.0
amateur,sub-49,ss02,9,29498.0
amateur,sub-49,ss02,10,28944.0
amateur,sub-49,ss02,11,38716.0
amateur,sub-49,ss02,12,31686.0
amateur,sub-49,ss02,13,12352.0
amateur,sub-49,ss02,14,35676.0
amateur,sub-49,ss02,15,28556.0
amateur,sub-49,ss02,16,9782.0
amateur,sub-49,ss02,17,40032.0
amateur,sub-49,ss02,18,46938.0
amateur,sub-49,ss02,19,24546.0
amateur,sub-49,ss02,20,18312.0
amateur,sub-49,ss02,21,51092.0
amateur,sub-49,ss02,22,47798.0
amateur,sub-49,ss02,23,34962.0
amateur,sub-49,ss02,24,50822.0
amateur,sub-49,ss02,25,47952.0
amateur,sub-49,ss02,26,19388.0
amateur,sub-49,ss02,27,59006.0
amateur,sub-49,ss02,28,25744.0
amateur,sub-49,ss02,29,28776.0
amateur,sub-49,ss02,30,16136.0
amateur,sub-49,ss03,1,47134.0
amateur,sub-49,ss03,2,46086.0
amateur,sub-49,ss03,3,41198.0
amateur,sub-49,ss03,4,50244.0
amateur,sub-49,ss03,5,54980.0
amateur,sub-49,ss03,6,24310.0
amateur,sub-49,ss03,7,23858.0
amateur,sub-49,ss03,8,20868.0
amateur,sub-49,ss03,9,57458.0
amateur,sub-49,ss03,10,20300.0
amateur,sub-49,ss03,11,40348.0
amateur,sub-49,ss03,12,30244.0
amateur,sub-49,ss03,13,42248.0
amateur,sub-49,ss03,14,25594.0
amateur,sub-49,ss03,15,23082.0
amateur,sub-49,ss03,16,51902.0
amateur,sub-49,ss03,17,45500.0
amateur,sub-49,ss03,18,29746.0
amateur,sub-49,ss03,19,42936.0
amateur,sub-49,ss03,20,48808.0
amateur,sub-49,ss03,21,45738.0
amateur,sub-49,ss03,22,38538.0
amateur,sub-49,ss03,23,28560.0
amateur,sub-49,ss03,24,45390.0
amateur,sub-49,ss03,25,37680.0
amateur,sub-49,ss03,26,49182.0
amateur,sub-49,ss03,27,44388.0
amateur,sub-49,ss03,28,17572.0
amateur,sub-49,ss03,29,49844.0
amateur,sub-49,ss03,30,55856.0
amateur,sub-51,ss01,1,14340.0
amateur,sub-51,ss01,2,18530.0
amateur,sub-51,ss01,3,13224.0
amateur,sub-51,ss01,4,23078.0
amateur,sub-51,ss01,5,18500.0
amateur,sub-51,ss01,6,23722.0
amateur,sub-51,ss01,7,22632.0
amateur,sub-51,ss01,8,23486.0
amateur,sub-51,ss01,9,16734.0
amateur,sub-51,ss01,10,21026.0
amateur,sub-51,ss01,11,24282.0
amateur,sub-51,ss01,12,25732.0
amateur,sub-51,ss01,13,28286.0
amateur,sub-51,ss01,14,26726.0
amateur,sub-51,ss01,15,20808.0
amateur,sub-51,ss01,16,24726.0
amateur,sub-51,ss01,17,23954.0
amateur,sub-51,ss01,18,24122.0
amateur,sub-51,ss01,19,23496.0
amateur,sub-51,ss01,20,24388.0
amateur,sub-51,ss01,21,16328.0
amateur,sub-51,ss01,22,17562.0
amateur,sub-51,ss01,23,22380.0
amateur,sub-51,ss01,24,20986.0
amateur,sub-51,ss01,25,22832.0
amateur,sub-51,ss01,26,25480.0
amateur,sub-51,ss01,27,26616.0
amateur,sub-51,ss01,28,19648.0
amateur,sub-51,ss01,29,22188.0
amateur,sub-51,ss01,30,22666.0
amateur,sub-51,ss02,1,45226.0
amateur,sub-51,ss02,2,28120.0
amateur,sub-51,ss02,3,55080.0
amateur,sub-51,ss02,4,46918.0
amateur,sub-51,ss02,5,18932.0
amateur,sub-51,ss02,6,54718.0
amateur,sub-51,ss02,7,39928.0
amateur,sub-51,ss02,8,52772.0
amateur,sub-51,ss02,9,36698.0
amateur,sub-51,ss02,10,50068.0
amateur,sub-51,ss02,11,24180.0
amateur,sub-51,ss02,12,28440.0
amateur,sub-51,ss02,13,37368.0
amateur,sub-51,ss02,14,35486.0
amateur,sub-51,ss02,15,42554.0
amateur,sub-51,ss02,16,51510.0
amateur,sub-51,ss02,17,53682.0
amateur,sub-51,ss02,18,47858.0
amateur,sub-51,ss02,19,24508.0
amateur,sub-51,ss02,20,46280.0
amateur,sub-51,ss02,21,54504.0
amateur,sub-51,ss02,22,41292.0
amateur,sub-51,ss02,23,51572.0
amateur,sub-51,ss02,24,57820.0
amateur,sub-51,ss02,25,42044.0
amateur,sub-51,ss02,26,55316.0
amateur,sub-51,ss02,27,37502.0
amateur,sub-51,ss02,28,21802.0
amateur,sub-51,ss02,29,51936.0
amateur,sub-51,ss02,30,56522.0
amateur,sub-51,ss03,1,53812.0
amateur,sub-51,ss03,2,37912.0
amateur,sub-51,ss03,3,58316.0
amateur,sub-51,ss03,4,51682.0
amateur,sub-51,ss03,5,53648.0
amateur,sub-51,ss03,6,54482.0
amateur,sub-51,ss03,7,53048.0
amateur,sub-51,ss03,8,36664.0
amateur,sub-51,ss03,9,58336.0
amateur,sub-51,ss03,10,54958.0
amateur,sub-51,ss03,11,57042.0
amateur,sub-51,ss03,12,54768.0
amateur,sub-51,ss03,13,39190.0
amateur,sub-51,ss03,14,56846.0
amateur,sub-51,ss03,15,58054.0
amateur,sub-51,ss03,16,50918.0
amateur,sub-51,ss03,17,55290.0
amateur,sub-51,ss03,18,52350.0
amateur,sub-51,ss03,19,27052.0
amateur,sub-51,ss03,20,56138.0
amateur,sub-51,ss03,21,58574.0
amateur,sub-51,ss03,22,57274.0
amateur,sub-51,ss03,23,56750.0
amateur,sub-51,ss03,24,51884.0
amateur,sub-51,ss03,25,54822.0
amateur,sub-51,ss03,26,54158.0
amateur,sub-51,ss03,27,37252.0
amateur,sub-51,ss03,28,57994.0
amateur,sub-51,ss03,29,50136.0
amateur,sub-51,ss03,30,49672.0
amateur,sub-P025,ss01,1,18726.0
amateur,sub-P025,ss01,2,27224.0
amateur,sub-P025,ss01,3,10750.0
amateur,sub-P025,ss01,4,25454.0
amateur,sub-P025,ss01,5,11924.0
amateur,sub-P025,ss01,6,13608.0
amateur,sub-P025,ss01,7,12642.0
amateur,sub-P025,ss01,8,19246.0
amateur,sub-P025,ss01,9,26436.0
amateur,sub-P025,ss01,10,28702.0
amateur,sub-P025,ss01,11,22350.0
amateur,sub-P025,ss01,12,22706.0
amateur,sub-P025,ss01,13,25086.0
amateur,sub-P025,ss01,14,5482.0
amateur,sub-P025,ss01,15,9494.0
amateur,sub-P025,ss01,16,25184.0
amateur,sub-P025,ss01,17,18544.0
amateur,sub-P025,ss01,18,16792.0
amateur,sub-P025,ss01,19,12496.0
amateur,sub-P025,ss01,20,16238.0
amateur,sub-P025,ss01,21,17804.0
amateur,sub-P025,ss01,22,25780.0
amateur,sub-P025,ss01,23,9128.0
amateur,sub-P025,ss01,24,24726.0
amateur,sub-P025,ss01,25,11454.0
amateur,sub-P025,ss01,26,18176.0
amateur,sub-P025,ss01,27,5918.0
amateur,sub-P025,ss01,28,14898.0
amateur,sub-P025,ss01,29,14180.0
amateur,sub-P025,ss01,30,18580.0
amateur,sub-P025,ss02,1,33532.0
amateur,sub-P025,ss02,2,23426.0
amateur,sub-P025,ss02,3,30316.0
amateur,sub-P025,ss02,4,13988.0
amateur,sub-P025,ss02,5,25038.0
amateur,sub-P025,ss02,6,47756.0
amateur,sub-P025,ss02,7,56466.0
amateur,sub-P025,ss02,8,15200.0
amateur,sub-P025,ss02,9,56374.0
amateur,sub-P025,ss02,10,17432.0
amateur,sub-P025,ss02,11,7486.0
amateur,sub-P025,ss02,12,11156.0
amateur,sub-P025,ss02,13,40612.0
amateur,sub-P025,ss02,14,58176.0
amateur,sub-P025,ss02,15,43442.0
amateur,sub-P025,ss02,16,9294.0
amateur,sub-P025,ss02,17,49720.0
amateur,sub-P025,ss02,18,36810.0
amateur,sub-P025,ss02,19,20082.0
amateur,sub-P025,ss02,20,22520.0
amateur,sub-P025,ss02,21,58118.0
amateur,sub-P025,ss02,22,48054.0
amateur,sub-P025,ss02,23,50206.0
amateur,sub-P025,ss02,24,11424.0
amateur,sub-P025,ss02,25,8252.0
amateur,sub-P025,ss02,26,36544.0
amateur,sub-P025,ss02,27,43758.0
amateur,sub-P025,ss02,28,58632.0
amateur,sub-P025,ss02,29,9536.0
amateur,sub-P025,ss02,30,8278.0
amateur,sub-P025,ss03,1,15512.0
amateur,sub-P025,ss03,2,11630.0
amateur,sub-P025,ss03,3,29424.0
amateur,sub-P025,ss03,4,19102.0
amateur,sub-P025,ss03,5,56886.0
amateur,sub-P025,ss03,6,31248.0
amateur,sub-P025,ss03,7,51060.0
amateur,sub-P025,ss03,8,34018.0
amateur,sub-P025,ss03,9,24948.0
amateur,sub-P025,ss03,10,53610.0
amateur,sub-P025,ss03,11,58688.0
amateur,sub-P025,ss03,12,41980.0
amateur,sub-P025,ss03,13,21088.0
amateur,sub-P025,ss03,14,53714.0
amateur,sub-P025,ss03,15,50174.0
amateur,sub-P025,ss03,16,39860.0
amateur,sub-P025,ss03,17,11882.0
amateur,sub-P025,ss03,18,11678.0
amateur,sub-P025,ss03,19,40440.0
amateur,sub-P025,ss03,20,56024.0
amateur,sub-P025,ss03,21,56212.0
amateur,sub-P025,ss03,22,57846.0
amateur,sub-P025,ss03,23,34070.0
amateur,sub-P025,ss03,24,30844.0
amateur,sub-P025,ss03,25,56266.0
amateur,sub-P025,ss03,26,55920.0
amateur,sub-P025,ss03,27,8674.0
amateur,sub-P025,ss03,28,55092.0
amateur,sub-P025,ss03,29,49908.0
amateur,sub-P025,ss03,30,30600.0
amateur,sub-P026,ss01,1,20570.0
amateur,sub-P026,ss01,2,8878.0
amateur,sub-P026,ss01,3,4994.0
amateur,sub-P026,ss01,4,20938.0
amateur,sub-P026,ss01,5,10836.0
amateur,sub-P026,ss01,6,10436.0
amateur,sub-P026,ss01,7,3676.0
amateur,sub-P026,ss01,8,11800.0
amateur,sub-P026,ss01,9,20688.0
amateur,sub-P026,ss01,10,17038.0
amateur,sub-P026,ss01,11,11714.0
amateur,sub-P026,ss01,12,8026.0
amateur,sub-P026,ss01,13,14556.0
amateur,sub-P026,ss01,14,18866.0
amateur,sub-P026,ss01,15,11512.0
amateur,sub-P026,ss01,16,16720.0
amateur,sub-P026,ss01,17,27970.0
amateur,sub-P026,ss01,18,16098.0
amateur,sub-P026,ss01,19,18660.0
amateur,sub-P026,ss01,20,4990.0
amateur,sub-P026,ss01,21,15698.0
amateur,sub-P026,ss01,22,11630.0
amateur,sub-P026,ss01,23,13936.0
amateur,sub-P026,ss01,24,21156.0
amateur,sub-P026,ss01,25,18676.0
amateur,sub-P026,ss01,26,17820.0
amateur,sub-P026,ss01,27,7148.0
amateur,sub-P026,ss01,28,26210.0
amateur,sub-P026,ss01,29,26470.0
amateur,sub-P026,ss01,30,16502.0
amateur,sub-P026,ss02,1,36018.0
amateur,sub-P026,ss02,2,27806.0
amateur,sub-P026,ss02,3,34314.0
amateur,sub-P026,ss02,4,5046.0
amateur,sub-P026,ss02,5,24374.0
amateur,sub-P026,ss02,6,42246.0
amateur,sub-P026,ss02,7,14002.0
amateur,sub-P026,ss02,8,8774.0
amateur,sub-P026,ss02,9,9368.0
amateur,sub-P026,ss02,10,9264.0
amateur,sub-P026,ss02,11,57022.0
amateur,sub-P026,ss02,12,17818.0
amateur,sub-P026,ss02,13,47704.0
amateur,sub-P026,ss02,14,28392.0
amateur,sub-P026,ss02,15,15140.0
amateur,sub-P026,ss02,16,24368.0
amateur,sub-P026,ss02,17,29830.0
amateur,sub-P026,ss02,18,35078.0
amateur,sub-P026,ss02,19,42454.0
amateur,sub-P026,ss02,20,29114.0
amateur,sub-P026,ss02,21,47670.0
amateur,sub-P026,ss02,22,25574.0
amateur,sub-P026,ss02,23,38946.0
amateur,sub-P026,ss02,24,16166.0
amateur,sub-P026,ss02,25,26728.0
amateur,sub-P026,ss02,26,13334.0
amateur,sub-P026,ss02,27,36428.0
amateur,sub-P026,ss02,28,23394.0
amateur,sub-P026,ss02,29,33980.0
amateur,sub-P026,ss02,30,12702.0
amateur,sub-P026,ss03,1,38296.0
amateur,sub-P026,ss03,2,57342.0
amateur,sub-P026,ss03,3,33720.0
amateur,sub-P026,ss03,4,42512.0
amateur,sub-P026,ss03,5,30858.0
amateur,sub-P026,ss03,6,33230.0
amateur,sub-P026,ss03,7,47880.0
amateur,sub-P026,ss03,8,39798.0
amateur,sub-P026,ss03,9,12874.0
amateur,sub-P026,ss03,10,23662.0
amateur,sub-P026,ss03,11,11604.0
amateur,sub-P026,ss03,12,16888.0
amateur,sub-P026,ss03,13,38324.0
amateur,sub-P026,ss03,14,29444.0
amateur,sub-P026,ss03,15,15496.0
amateur,sub-P026,ss03,16,51924.0
amateur,sub-P026,ss03,17,16590.0
amateur,sub-P026,ss03,18,22574.0
amateur,sub-P026,ss03,19,29130.0
amateur,sub-P026,ss03,20,44448.0
amateur,sub-P026,ss03,21,33776.0
amateur,sub-P026,ss03,22,27960.0
amateur,sub-P026,ss03,23,39572.0
amateur,sub-P026,ss03,24,36048.0
amateur,sub-P026,ss03,25,15042.0
amateur,sub-P026,ss03,26,30922.0
amateur,sub-P026,ss03,27,36126.0
amateur,sub-P026,ss03,28,39474.0
amateur,sub-P026,ss03,29,14748.0
amateur,sub-P026,ss03,30,23018.0
amateur,sub-P027,ss01,1,10182.0
amateur,sub-P027,ss01,2,12880.0
amateur,sub-P027,ss01,3,19772.0
amateur,sub-P027,ss01,4,22990.0
amateur,sub-P027,ss01,5,23448.0
amateur,sub-P027,ss01,6,22304.0
amateur,sub-P027,ss01,7,14958.0
amateur,sub-P027,ss01,8,16382.0
amateur,sub-P027,ss01,9,8328.0
amateur,sub-P027,ss01,10,6320.0
amateur,sub-P027,ss01,11,16664.0
amateur,sub-P027,ss01,12,12200.0
amateur,sub-P027,ss01,13,22656.0
amateur,sub-P027,ss01,14,10098.0
amateur,sub-P027,ss01,15,14592.0
amateur,sub-P027,ss01,16,7946.0
amateur,sub-P027,ss01,17,23526.0
amateur,sub-P027,ss01,18,7876.0
amateur,sub-P027,ss01,19,6690.0
amateur,sub-P027,ss01,20,11574.0
amateur,sub-P027,ss01,21,14490.0
amateur,sub-P027,ss01,22,14420.0
amateur,sub-P027,ss01,23,18008.0
amateur,sub-P027,ss01,24,9528.0
amateur,sub-P027,ss01,25,20602.0
amateur,sub-P027,ss01,26,10268.0
amateur,sub-P027,ss01,27,21268.0
amateur,sub-P027,ss01,28,8270.0
amateur,sub-P027,ss01,29,12056.0
amateur,sub-P027,ss02,2,33512.0
amateur,sub-P027,ss02,3,7118.0
amateur,sub-P027,ss02,4,12222.0
amateur,sub-P027,ss02,5,20912.0
amateur,sub-P027,ss02,6,21490.0
amateur,sub-P027,ss02,7,15942.0
amateur,sub-P027,ss02,8,20484.0
amateur,sub-P027,ss02,9,19192.0
amateur,sub-P027,ss02,10,28344.0
amateur,sub-P027,ss02,11,26112.0
amateur,sub-P027,ss02,12,17948.0
amateur,sub-P027,ss02,13,23522.0
amateur,sub-P027,ss02,14,16922.0
amateur,sub-P027,ss02,15,5074.0
amateur,sub-P027,ss02,16,12766.0
amateur,sub-P027,ss02,17,31244.0
amateur,sub-P027,ss02,18,34222.0
amateur,sub-P027,ss02,19,20796.0
amateur,sub-P027,ss02,20,17064.0
amateur,sub-P027,ss02,21,37656.0
amateur,sub-P027,ss02,22,22592.0
amateur,sub-P027,ss02,23,32650.0
amateur,sub-P027,ss02,24,9254.0
amateur,sub-P027,ss02,25,9954.0
amateur,sub-P027,ss02,26,7810.0
amateur,sub-P027,ss02,27,29392.0
amateur,sub-P027,ss02,28,23632.0
amateur,sub-P027,ss02,29,14120.0
amateur,sub-P027,ss02,30,21726.0
amateur,sub-P027,ss03,1,33440.0
amateur,sub-P027,ss03,3,34516.0
amateur,sub-P027,ss03,6,16376.0
amateur,sub-P027,ss03,7,18630.0
amateur,sub-P027,ss03,8,15742.0
amateur,sub-P027,ss03,9,17114.0
amateur,sub-P027,ss03,10,26870.0
amateur,sub-P027,ss03,11,23536.0
amateur,sub-P027,ss03,12,15712.0
amateur,sub-P027,ss03,13,21706.0
amateur,sub-P027,ss03,14,19170.0
amateur,sub-P027,ss03,16,14440.0
amateur,sub-P027,ss03,17,9686.0
amateur,sub-P027,ss03,18,7404.0
amateur,sub-P027,ss03,19,23262.0
amateur,sub-P027,ss03,20,38162.0
amateur,sub-P027,ss03,21,18278.0
amateur,sub-P027,ss03,23,24540.0
amateur,sub-P027,ss03,24,15646.0
amateur,sub-P027,ss03,25,16978.0
amateur,sub-P027,ss03,26,21062.0
amateur,sub-P027,ss03,27,13264.0
amateur,sub-P027,ss03,28,24688.0
amateur,sub-P027,ss03,29,26148.0
amateur,sub-P027,ss03,30,15212.0
amateur,sub-P028,ss01,1,28212.0
amateur,sub-P028,ss01,2,25620.0
amateur,sub-P028,ss01,3,21568.0
amateur,sub-P028,ss01,4,26728.0
amateur,sub-P028,ss01,5,26930.0
amateur,sub-P028,ss01,6,27758.0
amateur,sub-P028,ss01,7,27610.0
amateur,sub-P028,ss01,8,27062.0
amateur,sub-P028,ss01,9,27684.0
amateur,sub-P028,ss01,10,26598.0
amateur,sub-P028,ss01,11,28058.0
amateur,sub-P028,ss01,12,27970.0
amateur,sub-P028,ss01,13,28092.0
amateur,sub-P028,ss01,14,27320.0
amateur,sub-P028,ss01,15,27390.0
amateur,sub-P028,ss01,16,28684.0
amateur,sub-P028,ss01,17,27994.0
amateur,sub-P028,ss01,18,28354.0
amateur,sub-P028,ss01,19,28184.0
amateur,sub-P028,ss01,20,28718.0
amateur,sub-P028,ss01,21,28070.0
amateur,sub-P028,ss01,22,28120.0
amateur,sub-P028,ss01,23,27672.0
amateur,sub-P028,ss01,24,28054.0
amateur,sub-P028,ss01,25,16030.0
amateur,sub-P028,ss01,26,28470.0
amateur,sub-P028,ss01,27,27682.0
amateur,sub-P028,ss01,28,28250.0
amateur,sub-P028,ss01,29,27142.0
amateur,sub-P028,ss01,30,27192.0
amateur,sub-P028,ss02,1,54726.0
amateur,sub-P028,ss02,2,39962.0
amateur,sub-P028,ss02,3,56426.0
amateur,sub-P028,ss02,4,51704.0
amateur,sub-P028,ss02,5,55784.0
amateur,sub-P028,ss02,6,54306.0
amateur,sub-P028,ss02,7,54478.0
amateur,sub-P028,ss02,8,49208.0
amateur,sub-P028,ss02,9,54534.0
amateur,sub-P028,ss02,10,33536.0
amateur,sub-P028,ss02,11,57776.0
amateur,sub-P028,ss02,12,54690.0
amateur,sub-P028,ss02,13,53752.0
amateur,sub-P028,ss02,14,22542.0
amateur,sub-P028,ss02,15,54332.0
amateur,sub-P028,ss02,16,54678.0
amateur,sub-P028,ss02,17,51572.0
amateur,sub-P028,ss02,18,29472.0
amateur,sub-P028,ss02,19,29206.0
amateur,sub-P028,ss02,20,46028.0
amateur,sub-P028,ss02,21,49686.0
amateur,sub-P028,ss02,22,2322.0
amateur,sub-P028,ss02,23,56784.0
amateur,sub-P028,ss02,24,54176.0
amateur,sub-P028,ss02,25,11080.0
amateur,sub-P028,ss02,26,53784.0
amateur,sub-P028,ss02,27,25632.0
amateur,sub-P028,ss02,28,54170.0
amateur,sub-P028,ss02,29,54356.0
amateur,sub-P028,ss02,30,55612.0
amateur,sub-P028,ss03,1,29276.0
amateur,sub-P028,ss03,2,55648.0
amateur,sub-P028,ss03,3,55312.0
amateur,sub-P028,ss03,4,36078.0
amateur,sub-P028,ss03,5,49334.0
amateur,sub-P028,ss03,6,56250.0
amateur,sub-P028,ss03,7,53830.0
amateur,sub-P028,ss03,8,54632.0
amateur,sub-P028,ss03,9,55654.0
amateur,sub-P028,ss03,10,54268.0
amateur,sub-P028,ss03,11,36184.0
amateur,sub-P028,ss03,12,56122.0
amateur,sub-P028,ss03,13,48836.0
amateur,sub-P028,ss03,14,56478.0
amateur,sub-P028,ss03,15,50426.0
amateur,sub-P028,ss03,16,56754.0
amateur,sub-P028,ss03,17,57466.0
amateur,sub-P028,ss03,18,31450.0
amateur,sub-P028,ss03,19,53520.0
amateur,sub-P028,ss03,20,55302.0
amateur,sub-P028,ss03,21,42840.0
amateur,sub-P028,ss03,22,54252.0
amateur,sub-P028,ss03,23,54150.0
amateur,sub-P028,ss03,24,35930.0
amateur,sub-P028,ss03,25,54624.0
amateur,sub-P028,ss03,26,58700.0
amateur,sub-P028,ss03,27,52622.0
amateur,sub-P028,ss03,28,57860.0
amateur,sub-P028,ss03,29,56000.0
amateur,sub-P028,ss03,30,39948.0
amateur,sub-P029,ss01,1,13844.0
amateur,sub-P029,ss01,2,17562.0
amateur,sub-P029,ss01,3,16400.0
amateur,sub-P029,ss01,4,8198.0
amateur,sub-P029,ss01,5,27120.0
amateur,sub-P029,ss01,6,9876.0
amateur,sub-P029,ss01,7,8702.0
amateur,sub-P029,ss01,8,20436.0
amateur,sub-P029,ss01,9,7516.0
amateur,sub-P029,ss01,10,14686.0
amateur,sub-P029,ss01,11,23004.0
amateur,sub-P029,ss01,12,12294.0
amateur,sub-P029,ss01,13,11872.0
amateur,sub-P029,ss01,14,11966.0
amateur,sub-P029,ss01,15,20462.0
amateur,sub-P029,ss01,16,14960.0
amateur,sub-P029,ss01,17,11790.0
amateur,sub-P029,ss01,18,10514.0
amateur,sub-P029,ss01,19,15802.0
amateur,sub-P029,ss01,20,25084.0
amateur,sub-P029,ss01,21,8292.0
amateur,sub-P029,ss01,22,5848.0
amateur,sub-P029,ss01,23,13542.0
amateur,sub-P029,ss01,24,15452.0
amateur,sub-P029,ss01,25,6952.0
amateur,sub-P029,ss01,26,11296.0
amateur,sub-P029,ss01,27,6290.0
amateur,sub-P029,ss01,28,5898.0
amateur,sub-P029,ss01,29,5696.0
amateur,sub-P029,ss01,30,12634.0
amateur,sub-P029,ss02,1,39280.0
amateur,sub-P029,ss02,2,5634.0
amateur,sub-P029,ss02,3,7764.0
amateur,sub-P029,ss02,4,2982.0
amateur,sub-P029,ss02,5,25220.0
amateur,sub-P029,ss02,6,18954.0
amateur,sub-P029,ss02,7,16332.0
amateur,sub-P029,ss02,8,12812.0
amateur,sub-P029,ss02,9,20496.0
amateur,sub-P029,ss02,11,22790.0
amateur,sub-P029,ss02,12,9608.0
amateur,sub-P029,ss02,13,19630.0
amateur,sub-P029,ss02,14,14952.0
amateur,sub-P029,ss02,15,17394.0
amateur,sub-P029,ss02,16,8762.0
amateur,sub-P029,ss02,17,24600.0
amateur,sub-P029,ss02,18,6806.0
amateur,sub-P029,ss02,19,12478.0
amateur,sub-P029,ss02,20,9032.0
amateur,sub-P029,ss02,21,25442.0
amateur,sub-P029,ss02,22,4734.0
amateur,sub-P029,ss02,23,13778.0
amateur,sub-P029,ss02,24,24940.0
amateur,sub-P029,ss02,25,7410.0
amateur,sub-P029,ss02,26,15442.0
amateur,sub-P029,ss02,27,23024.0
amateur,sub-P029,ss02,28,4116.0
amateur,sub-P029,ss02,29,36822.0
amateur,sub-P029,ss02,30,7858.0
amateur,sub-P029,ss03,2,9634.0
amateur,sub-P029,ss03,3,32656.0
amateur,sub-P029,ss03,4,29900.0
amateur,sub-P029,ss03,5,12390.0
amateur,sub-P029,ss03,6,15078.0
amateur,sub-P029,ss03,7,24542.0
amateur,sub-P029,ss03,9,18860.0
amateur,sub-P029,ss03,10,9960.0
amateur,sub-P029,ss03,11,31922.0
amateur,sub-P029,ss03,12,44136.0
amateur,sub-P029,ss03,13,20078.0
amateur,sub-P029,ss03,14,18124.0
amateur,sub-P029,ss03,15,21604.0
amateur,sub-P029,ss03,16,27606.0
amateur,sub-P029,ss03,18,19344.0
amateur,sub-P029,ss03,19,8820.0
amateur,sub-P029,ss03,21,18576.0
amateur,sub-P029,ss03,23,19252.0
amateur,sub-P029,ss03,24,29830.0
amateur,sub-P029,ss03,25,14118.0
amateur,sub-P029,ss03,26,21630.0
amateur,sub-P029,ss03,28,24050.0
amateur,sub-P029,ss03,29,17392.0
amateur,sub-P030,ss01,1,18162.0
amateur,sub-P030,ss01,2,9882.0
amateur,sub-P030,ss01,3,17732.0
amateur,sub-P030,ss01,4,8608.0
amateur,sub-P030,ss01,5,15258.0
amateur,sub-P030,ss01,6,10212.0
amateur,sub-P030,ss01,7,21976.0
amateur,sub-P030,ss01,8,14556.0
amateur,sub-P030,ss01,9,12392.0
amateur,sub-P030,ss01,10,13658.0
amateur,sub-P030,ss01,11,13680.0
amateur,sub-P030,ss01,12,16832.0
amateur,sub-P030,ss01,13,12968.0
amateur,sub-P030,ss01,14,24002.0
amateur,sub-P030,ss01,15,13368.0
amateur,sub-P030,ss01,16,16632.0
amateur,sub-P030,ss01,17,7222.0
amateur,sub-P030,ss01,18,18964.0
amateur,sub-P030,ss01,19,7678.0
amateur,sub-P030,ss01,20,22398.0
amateur,sub-P030,ss01,21,9898.0
amateur,sub-P030,ss01,22,19190.0
amateur,sub-P030,ss01,23,20942.0
amateur,sub-P030,ss01,24,18288.0
amateur,sub-P030,ss01,25,19228.0
amateur,sub-P030,ss01,26,12930.0
amateur,sub-P030,ss01,27,25152.0
amateur,sub-P030,ss01,28,13484.0
amateur,sub-P030,ss01,29,6552.0
amateur,sub-P030,ss01,30,20646.0
amateur,sub-P030,ss02,1,16176.0
amateur,sub-P030,ss02,2,31070.0
amateur,sub-P030,ss02,3,27134.0
amateur,sub-P030,ss02,4,30084.0
amateur,sub-P030,ss02,5,14668.0
amateur,sub-P030,ss02,6,12028.0
amateur,sub-P030,ss02,7,6936.0
amateur,sub-P030,ss02,8,14736.0
amateur,sub-P030,ss02,9,8704.0
amateur,sub-P030,ss02,10,12614.0
amateur,sub-P030,ss02,11,22440.0
amateur,sub-P030,ss02,12,14768.0
amateur,sub-P030,ss02,13,24562.0
amateur,sub-P030,ss02,14,40362.0
amateur,sub-P030,ss02,15,39932.0
amateur,sub-P030,ss02,16,16276.0
amateur,sub-P030,ss02,17,6510.0
amateur,sub-P030,ss02,18,12690.0
amateur,sub-P030,ss02,19,14606.0
amateur,sub-P030,ss02,20,30386.0
amateur,sub-P030,ss02,21,16560.0
amateur,sub-P030,ss02,22,17056.0
amateur,sub-P030,ss02,23,22362.0
amateur,sub-P030,ss02,24,13124.0
amateur,sub-P030,ss02,25,18142.0
amateur,sub-P030,ss02,26,31506.0
amateur,sub-P030,ss02,27,31250.0
amateur,sub-P030,ss02,28,31818.0
amateur,sub-P030,ss02,29,16534.0
amateur,sub-P030,ss03,1,26332.0
amateur,sub-P030,ss03,2,26418.0
amateur,sub-P030,ss03,3,15080.0
amateur,sub-P030,ss03,4,46134.0
amateur,sub-P030,ss03,5,38584.0
amateur,sub-P030,ss03,6,20056.0
amateur,sub-P030,ss03,7,10164.0
amateur,sub-P030,ss03,8,20442.0
amateur,sub-P030,ss03,10,12370.0
amateur,sub-P030,ss03,12,20042.0
amateur,sub-P030,ss03,13,17462.0
amateur,sub-P030,ss03,15,30400.0
amateur,sub-P030,ss03,16,49656.0
amateur,sub-P030,ss03,17,28728.0
amateur,sub-P030,ss03,18,10134.0
amateur,sub-P030,ss03,19,10884.0
amateur,sub-P030,ss03,20,51024.0
amateur,sub-P030,ss03,21,39338.0
amateur,sub-P030,ss03,22,20120.0
amateur,sub-P030,ss03,23,27546.0
amateur,sub-P030,ss03,24,26692.0
amateur,sub-P030,ss03,25,30768.0
amateur,sub-P030,ss03,26,25158.0
amateur,sub-P030,ss03,27,30162.0
amateur,sub-P030,ss03,28,44338.0
amateur,sub-P030,ss03,29,38390.0
amateur,sub-P030,ss03,30,51202.0
amateur,sub-P031,ss01,1,6384.0
amateur,sub-P031,ss01,2,3544.0
amateur,sub-P031,ss01,3,10110.0
amateur,sub-P031,ss01,4,3078.0
amateur,sub-P031,ss01,5,14294.0
amateur,sub-P031,ss01,6,20852.0
amateur,sub-P031,ss01,7,14788.0
amateur,sub-P031,ss01,8,7488.0
amateur,sub-P031,ss01,9,9966.0
amateur,sub-P031,ss01,10,20966.0
amateur,sub-P031,ss01,11,14268.0
amateur,sub-P031,ss01,12,9618.0
amateur,sub-P031,ss01,13,5538.0
amateur,sub-P031,ss01,14,8790.0
amateur,sub-P031,ss01,15,6798.0
amateur,sub-P031,ss01,16,12826.0
amateur,sub-P031,ss01,17,16734.0
amateur,sub-P031,ss01,18,4100.0
amateur,sub-P031,ss01,19,18606.0
amateur,sub-P031,ss01,20,14660.0
amateur,sub-P031,ss01,21,20158.0
amateur,sub-P031,ss01,22,5594.0
amateur,sub-P031,ss01,23,11328.0
amateur,sub-P031,ss01,24,11114.0
amateur,sub-P031,ss01,25,8834.0
amateur,sub-P031,ss01,26,18602.0
amateur,sub-P031,ss01,27,7702.0
amateur,sub-P031,ss01,28,6914.0
amateur,sub-P031,ss01,29,6002.0
amateur,sub-P031,ss01,30,9584.0
amateur,sub-P031,ss02,1,27584.0
amateur,sub-P031,ss02,2,26826.0
amateur,sub-P031,ss02,3,25372.0
amateur,sub-P031,ss02,4,13146.0
amateur,sub-P031,ss02,5,52750.0
amateur,sub-P031,ss02,6,15258.0
amateur,sub-P031,ss02,7,16218.0
amateur,sub-P031,ss02,8,12646.0
amateur,sub-P031,ss02,9,4858.0
amateur,sub-P031,ss02,10,27166.0
amateur,sub-P031,ss02,11,6978.0
amateur,sub-P031,ss02,12,29620.0
amateur,sub-P031,ss02,13,22652.0
amateur,sub-P031,ss02,14,46138.0
amateur,sub-P031,ss02,15,8176.0
amateur,sub-P031,ss02,16,17514.0
amateur,sub-P031,ss02,17,38330.0
amateur,sub-P031,ss02,18,44218.0
amateur,sub-P031,ss02,19,11160.0
amateur,sub-P031,ss02,20,6172.0
amateur,sub-P031,ss02,21,47038.0
amateur,sub-P031,ss02,22,10298.0
amateur,sub-P031,ss02,23,12672.0
amateur,sub-P031,ss02,24,30978.0
amateur,sub-P031,ss02,25,20732.0
amateur,sub-P031,ss02,26,8250.0
amateur,sub-P031,ss02,27,1570.0
amateur,sub-P031,ss02,28,16156.0
amateur,sub-P031,ss02,29,3230.0
amateur,sub-P031,ss02,30,7778.0
amateur,sub-P031,ss03,1,8884.0
amateur,sub-P031,ss03,3,21206.0
amateur,sub-P031,ss03,4,48966.0
amateur,sub-P031,ss03,6,22524.0
amateur,sub-P031,ss03,7,37668.0
amateur,sub-P031,ss03,8,19748.0
amateur,sub-P031,ss03,9,13830.0
amateur,sub-P031,ss03,10,13856.0
amateur,sub-P031,ss03,11,24064.0
amateur,sub-P031,ss03,12,30840.0
amateur,sub-P031,ss03,13,41300.0
amateur,sub-P031,ss03,14,28104.0
amateur,sub-P031,ss03,15,3638.0
amateur,sub-P031,ss03,16,45250.0
amateur,sub-P031,ss03,17,20450.0
amateur,sub-P031,ss03,18,13074.0
amateur,sub-P031,ss03,19,39302.0
amateur,sub-P031,ss03,20,7476.0
amateur,sub-P031,ss03,21,47460.0
amateur,sub-P031,ss03,22,6680.0
amateur,sub-P031,ss03,23,5684.0
amateur,sub-P031,ss03,24,18822.0
amateur,sub-P031,ss03,25,53904.0
amateur,sub-P031,ss03,26,52246.0
amateur,sub-P031,ss03,27,16688.0
amateur,sub-P031,ss03,28,34104.0
amateur,sub-P031,ss03,29,23186.0
amateur,sub-P032,ss01,1,24422.0
amateur,sub-P032,ss01,2,14376.0
amateur,sub-P032,ss01,3,18288.0
amateur,sub-P032,ss01,4,22512.0
amateur,sub-P032,ss01,5,21012.0
amateur,sub-P032,ss01,6,23090.0
amateur,sub-P032,ss01,7,21974.0
amateur,sub-P032,ss01,8,23406.0
amateur,sub-P032,ss01,9,13326.0
amateur,sub-P032,ss01,10,11276.0
amateur,sub-P032,ss01,11,19232.0
amateur,sub-P032,ss01,12,21714.0
amateur,sub-P032,ss01,13,15730.0
amateur,sub-P032,ss01,14,22804.0
amateur,sub-P032,ss01,15,15016.0
amateur,sub-P032,ss01,16,17596.0
amateur,sub-P032,ss01,17,23570.0
amateur,sub-P032,ss01,18,14092.0
amateur,sub-P032,ss01,19,9028.0
amateur,sub-P032,ss01,20,23152.0
amateur,sub-P032,ss01,21,19866.0
amateur,sub-P032,ss01,22,17806.0
amateur,sub-P032,ss01,23,22734.0
amateur,sub-P032,ss01,24,13358.0
amateur,sub-P032,ss01,25,12162.0
amateur,sub-P032,ss01,26,15874.0
amateur,sub-P032,ss01,27,19948.0
amateur,sub-P032,ss01,28,20172.0
amateur,sub-P032,ss01,29,10100.0
amateur,sub-P032,ss01,30,13480.0
amateur,sub-P032,ss02,1,4684.0
amateur,sub-P032,ss02,2,26950.0
amateur,sub-P032,ss02,3,8712.0
amateur,sub-P032,ss02,4,48164.0
amateur,sub-P032,ss02,5,25500.0
amateur,sub-P032,ss02,6,29066.0
amateur,sub-P032,ss02,7,51120.0
amateur,sub-P032,ss02,8,40038.0
amateur,sub-P032,ss02,9,49740.0
amateur,sub-P032,ss02,10,27882.0
amateur,sub-P032,ss02,11,44808.0
amateur,sub-P032,ss02,12,32666.0
amateur,sub-P032,ss02,13,11952.0
amateur,sub-P032,ss02,14,21680.0
amateur,sub-P032,ss02,15,14406.0
amateur,sub-P032,ss02,16,50116.0
amateur,sub-P032,ss02,17,52984.0
amateur,sub-P032,ss02,18,52428.0
amateur,sub-P032,ss02,19,52194.0
amateur,sub-P032,ss02,20,25302.0
amateur,sub-P032,ss02,21,51688.0
amateur,sub-P032,ss02,22,29016.0
amateur,sub-P032,ss02,23,40340.0
amateur,sub-P032,ss02,24,17880.0
amateur,sub-P032,ss02,25,21530.0
amateur,sub-P032,ss02,26,50864.0
amateur,sub-P032,ss02,27,8876.0
amateur,sub-P032,ss02,28,48656.0
amateur,sub-P032,ss02,29,24816.0
amateur,sub-P032,ss02,30,18278.0
amateur,sub-P032,ss03,1,14112.0
amateur,sub-P032,ss03,2,49824.0
amateur,sub-P032,ss03,3,41254.0
amateur,sub-P032,ss03,4,35296.0
amateur,sub-P032,ss03,5,13410.0
amateur,sub-P032,ss03,6,24510.0
amateur,sub-P032,ss03,7,18062.0
amateur,sub-P032,ss03,8,47092.0
amateur,sub-P032,ss03,9,54126.0
amateur,sub-P032,ss03,10,43400.0
amateur,sub-P032,ss03,11,52476.0
amateur,sub-P032,ss03,12,43954.0
amateur,sub-P032,ss03,13,42008.0
amateur,sub-P032,ss03,14,17914.0
amateur,sub-P032,ss03,15,28990.0
amateur,sub-P032,ss03,16,8442.0
amateur,sub-P032,ss03,17,26126.0
amateur,sub-P032,ss03,18,42286.0
amateur,sub-P032,ss03,19,50530.0
amateur,sub-P032,ss03,20,9306.0
amateur,sub-P032,ss03,21,20800.0
amateur,sub-P032,ss03,22,35310.0
amateur,sub-P032,ss03,23,29206.0
amateur,sub-P032,ss03,24,49058.0
amateur,sub-P032,ss03,25,40054.0
amateur,sub-P032,ss03,26,29414.0
amateur,sub-P032,ss03,27,40278.0
amateur,sub-P032,ss03,28,26400.0
amateur,sub-P032,ss03,29,18948.0
amateur,sub-P032,ss03,30,52544.0
amateur,sub-sub34,ss01,1,13610.0
amateur,sub-sub34,ss01,2,20750.0
amateur,sub-sub34,ss01,3,20680.0
amateur,sub-sub34,ss01,4,24192.0
amateur,sub-sub34,ss01,5,19616.0
amateur,sub-sub34,ss01,6,10194.0
amateur,sub-sub34,ss01,7,23132.0
amateur,sub-sub34,ss01,8,11022.0
amateur,sub-sub34,ss01,9,23752.0
amateur,sub-sub34,ss01,10,20552.0
amateur,sub-sub34,ss01,11,25988.0
amateur,sub-sub34,ss01,12,27440.0
amateur,sub-sub34,ss01,13,21616.0
amateur,sub-sub34,ss01,14,10960.0
amateur,sub-sub34,ss01,15,7084.0
amateur,sub-sub34,ss01,16,26004.0
amateur,sub-sub34,ss01,17,13224.0
amateur,sub-sub34,ss01,18,28166.0
amateur,sub-sub34,ss01,19,25134.0
amateur,sub-sub34,ss01,20,28456.0
amateur,sub-sub34,ss01,21,5718.0
amateur,sub-sub34,ss01,22,14944.0
amateur,sub-sub34,ss01,23,25254.0
amateur,sub-sub34,ss01,24,6914.0
amateur,sub-sub34,ss01,25,6788.0
amateur,sub-sub34,ss01,26,3232.0
amateur,sub-sub34,ss01,27,15224.0
amateur,sub-sub34,ss01,28,21140.0
amateur,sub-sub34,ss01,29,28082.0
amateur,sub-sub34,ss01,30,26212.0
amateur,sub-sub34,ss02,1,20962.0
amateur,sub-sub34,ss02,2,14308.0
amateur,sub-sub34,ss02,3,35962.0
amateur,sub-sub34,ss02,4,22402.0
amateur,sub-sub34,ss02,5,31546.0
amateur,sub-sub34,ss02,6,13910.0
amateur,sub-sub34,ss02,7,36032.0
amateur,sub-sub34,ss02,8,32288.0
amateur,sub-sub34,ss02,9,25806.0
amateur,sub-sub34,ss02,10,34616.0
amateur,sub-sub34,ss02,11,11756.0
amateur,sub-sub34,ss02,12,26706.0
amateur,sub-sub34,ss02,13,20214.0
amateur,sub-sub34,ss02,14,28206.0
amateur,sub-sub34,ss02,15,29824.0
amateur,sub-sub34,ss02,16,37524.0
amateur,sub-sub34,ss02,17,38048.0
amateur,sub-sub34,ss02,18,49704.0
amateur,sub-sub34,ss02,19,30996.0
amateur,sub-sub34,ss02,20,45654.0
amateur,sub-sub34,ss02,21,53134.0
amateur,sub-sub34,ss02,22,41300.0
amateur,sub-sub34,ss02,23,39348.0
amateur,sub-sub34,ss02,24,40232.0
amateur,sub-sub34,ss02,25,42060.0
amateur,sub-sub34,ss02,26,51530.0
amateur,sub-sub34,ss02,27,13182.0
amateur,sub-sub34,ss02,28,25634.0
amateur,sub-sub34,ss02,29,25940.0
amateur,sub-sub34,ss02,30,22428.0
amateur,sub-sub34,ss03,1,43626.0
amateur,sub-sub34,ss03,2,51602.0
amateur,sub-sub34,ss03,3,32062.0
amateur,sub-sub34,ss03,4,47446.0
amateur,sub-sub34,ss03,5,54660.0
amateur,sub-sub34,ss03,6,49076.0
amateur,sub-sub34,ss03,7,14874.0
amateur,sub-sub34,ss03,8,53170.0
amateur,sub-sub34,ss03,9,17400.0
amateur,sub-sub34,ss03,10,47286.0
amateur,sub-sub34,ss03,11,36494.0
amateur,sub-sub34,ss03,12,54278.0
amateur,sub-sub34,ss03,13,31214.0
amateur,sub-sub34,ss03,14,52546.0
amateur,sub-sub34,ss03,15,40398.0
amateur,sub-sub34,ss03,16,39360.0
amateur,sub-sub34,ss03,17,43438.0
amateur,sub-sub34,ss03,18,37396.0
amateur,sub-sub34,ss03,19,49264.0
amateur,sub-sub34,ss03,20,46746.0
amateur,sub-sub34,ss03,21,53870.0
amateur,sub-sub34,ss03,22,45018.0
amateur,sub-sub34,ss03,23,41374.0
amateur,sub-sub34,ss03,24,41882.0
amateur,sub-sub34,ss03,25,20352.0
amateur,sub-sub34,ss03,26,45704.0
amateur,sub-sub34,ss03,27,40050.0
amateur,sub-sub34,ss03,28,29270.0
amateur,sub-sub34,ss03,29,29616.0
amateur,sub-sub34,ss03,30,9038.0
amateur,sub-sub35,ss01,1,4978.0
amateur,sub-sub35,ss01,2,12180.0
amateur,sub-sub35,ss01,3,12084.0
amateur,sub-sub35,ss01,4,21076.0
amateur,sub-sub35,ss01,5,24476.0
amateur,sub-sub35,ss01,6,17590.0
amateur,sub-sub35,ss01,7,25112.0
amateur,sub-sub35,ss01,8,12530.0
amateur,sub-sub35,ss01,9,11190.0
amateur,sub-sub35,ss01,10,22402.0
amateur,sub-sub35,ss01,11,10480.0
amateur,sub-sub35,ss01,12,16018.0
amateur,sub-sub35,ss01,13,21128.0
amateur,sub-sub35,ss01,14,28060.0
amateur,sub-sub35,ss01,15,10582.0
amateur,sub-sub35,ss01,16,7358.0
amateur,sub-sub35,ss01,17,12780.0
amateur,sub-sub35,ss01,18,11460.0
amateur,sub-sub35,ss01,19,13338.0
amateur,sub-sub35,ss01,20,14532.0
amateur,sub-sub35,ss01,21,10020.0
amateur,sub-sub35,ss01,22,10402.0
amateur,sub-sub35,ss01,23,12820.0
amateur,sub-sub35,ss01,24,14988.0
amateur,sub-sub35,ss01,25,22002.0
amateur,sub-sub35,ss01,26,17910.0
amateur,sub-sub35,ss01,27,16362.0
amateur,sub-sub35,ss01,28,11990.0
amateur,sub-sub35,ss01,29,16050.0
amateur,sub-sub35,ss01,30,22166.0
amateur,sub-sub35,ss02,1,18598.0
amateur,sub-sub35,ss02,2,13410.0
amateur,sub-sub35,ss02,3,15074.0
amateur,sub-sub35,ss02,4,10816.0
amateur,sub-sub35,ss02,5,13268.0
amateur,sub-sub35,ss02,6,15102.0
amateur,sub-sub35,ss02,7,17652.0
amateur,sub-sub35,ss02,8,25554.0
amateur,sub-sub35,ss02,9,24932.0
amateur,sub-sub35,ss02,10,23806.0
amateur,sub-sub35,ss02,11,25644.0
amateur,sub-sub35,ss02,12,40292.0
amateur,sub-sub35,ss02,13,19784.0
amateur,sub-sub35,ss02,14,20350.0
amateur,sub-sub35,ss02,15,22110.0
amateur,sub-sub35,ss02,16,7842.0
amateur,sub-sub35,ss02,17,17646.0
amateur,sub-sub35,ss02,18,33974.0
amateur,sub-sub35,ss02,19,4466.0
amateur,sub-sub35,ss02,20,30800.0
amateur,sub-sub35,ss02,21,6538.0
amateur,sub-sub35,ss02,22,7430.0
amateur,sub-sub35,ss02,23,20216.0
amateur,sub-sub35,ss02,24,11238.0
amateur,sub-sub35,ss02,25,20436.0
amateur,sub-sub35,ss02,26,18044.0
amateur,sub-sub35,ss02,27,8074.0
amateur,sub-sub35,ss02,28,42262.0
amateur,sub-sub35,ss02,29,15430.0
amateur,sub-sub35,ss02,30,24398.0
amateur,sub-sub35,ss03,1,39262.0
amateur,sub-sub35,ss03,3,38316.0
amateur,sub-sub35,ss03,4,24264.0
amateur,sub-sub35,ss03,6,32842.0
amateur,sub-sub35,ss03,7,18442.0
amateur,sub-sub35,ss03,8,19752.0
amateur,sub-sub35,ss03,11,22226.0
amateur,sub-sub35,ss03,12,10138.0
amateur,sub-sub35,ss03,13,20028.0
amateur,sub-sub35,ss03,14,6134.0
amateur,sub-sub35,ss03,16,31170.0
amateur,sub-sub35,ss03,18,34840.0
amateur,sub-sub35,ss03,19,21144.0
amateur,sub-sub35,ss03,20,24376.0
amateur,sub-sub35,ss03,21,42296.0
amateur,sub-sub35,ss03,22,17358.0
amateur,sub-sub35,ss03,23,18942.0
amateur,sub-sub35,ss03,24,7296.0
amateur,sub-sub35,ss03,25,22738.0
amateur,sub-sub35,ss03,26,35584.0
amateur,sub-sub35,ss03,27,14450.0
amateur,sub-sub35,ss03,28,20158.0
amateur,sub-sub35,ss03,29,4484.0
amateur,sub-sub35,ss03,30,24814.0
amateur,sub-sub50,ss01,1,20476.0
amateur,sub-sub50,ss01,2,23058.0
amateur,sub-sub50,ss01,3,15912.0
amateur,sub-sub50,ss01,4,20866.0
amateur,sub-sub50,ss01,5,14222.0
amateur,sub-sub50,ss01,6,6778.0
amateur,sub-sub50,ss01,7,14564.0
amateur,sub-sub50,ss01,8,13314.0
amateur,sub-sub50,ss01,9,13416.0
amateur,sub-sub50,ss01,10,17332.0
amateur,sub-sub50,ss01,11,9784.0
amateur,sub-sub50,ss01,12,11280.0
amateur,sub-sub50,ss01,13,12392.0
amateur,sub-sub50,ss01,14,15574.0
amateur,sub-sub50,ss01,15,24464.0
amateur,sub-sub50,ss01,16,13622.0
amateur,sub-sub50,ss01,17,24992.0
amateur,sub-sub50,ss01,18,11962.0
amateur,sub-sub50,ss01,19,15748.0
amateur,sub-sub50,ss01,20,18350.0
amateur,sub-sub50,ss01,21,6434.0
amateur,sub-sub50,ss01,22,28168.0
amateur,sub-sub50,ss01,23,15538.0
amateur,sub-sub50,ss01,24,11800.0
amateur,sub-sub50,ss01,25,28352.0
amateur,sub-sub50,ss01,26,10434.0
amateur,sub-sub50,ss01,27,16224.0
amateur,sub-sub50,ss01,28,6248.0
amateur,sub-sub50,ss01,29,17602.0
amateur,sub-sub50,ss01,30,19750.0
amateur,sub-sub50,ss02,1,12660.0
amateur,sub-sub50,ss02,2,19758.0
amateur,sub-sub50,ss02,3,48342.0
amateur,sub-sub50,ss02,4,28628.0
amateur,sub-sub50,ss02,5,33234.0
amateur,sub-sub50,ss02,6,51154.0
amateur,sub-sub50,ss02,7,38086.0
amateur,sub-sub50,ss02,8,40076.0
amateur,sub-sub50,ss02,9,34112.0
amateur,sub-sub50,ss02,10,52324.0
amateur,sub-sub50,ss02,11,26264.0
amateur,sub-sub50,ss02,12,14644.0
amateur,sub-sub50,ss02,13,46464.0
amateur,sub-sub50,ss02,14,20238.0
amateur,sub-sub50,ss02,15,56534.0
amateur,sub-sub50,ss02,16,15458.0
amateur,sub-sub50,ss02,17,11830.0
amateur,sub-sub50,ss02,18,19150.0
amateur,sub-sub50,ss02,19,12240.0
amateur,sub-sub50,ss02,20,7790.0
amateur,sub-sub50,ss02,21,17054.0
amateur,sub-sub50,ss02,22,20290.0
amateur,sub-sub50,ss02,23,47172.0
amateur,sub-sub50,ss02,24,45412.0
amateur,sub-sub50,ss02,25,24502.0
amateur,sub-sub50,ss02,26,25402.0
amateur,sub-sub50,ss02,27,50050.0
amateur,sub-sub50,ss02,28,46994.0
amateur,sub-sub50,ss02,29,50748.0
amateur,sub-sub50,ss02,30,39326.0
amateur,sub-sub50,ss03,1,39356.0
amateur,sub-sub50,ss03,2,51440.0
amateur,sub-sub50,ss03,3,51340.0
amateur,sub-sub50,ss03,4,18676.0
amateur,sub-sub50,ss03,5,51216.0
amateur,sub-sub50,ss03,6,45166.0
amateur,sub-sub50,ss03,7,58012.0
amateur,sub-sub50,ss03,8,46294.0
amateur,sub-sub50,ss03,9,27744.0
amateur,sub-sub50,ss03,10,51646.0
amateur,sub-sub50,ss03,11,34396.0
amateur,sub-sub50,ss03,12,58264.0
amateur,sub-sub50,ss03,13,55994.0
amateur,sub-sub50,ss03,14,43280.0
amateur,sub-sub50,ss03,15,41946.0
amateur,sub-sub50,ss03,16,40498.0
amateur,sub-sub50,ss03,17,38292.0
amateur,sub-sub50,ss03,18,26386.0
amateur,sub-sub50,ss03,19,36352.0
amateur,sub-sub50,ss03,20,57820.0
amateur,sub-sub50,ss03,21,53810.0
amateur,sub-sub50,ss03,22,26440.0
amateur,sub-sub50,ss03,23,41214.0
amateur,sub-sub50,ss03,24,52364.0
amateur,sub-sub50,ss03,25,40672.0
amateur,sub-sub50,ss03,26,45444.0
amateur,sub-sub50,ss03,27,27662.0
amateur,sub-sub50,ss03,28,58934.0
amateur,sub-sub50,ss03,29,38718.0
amateur,sub-sub50,ss03,30,25826.0
prof,sub-53,ss01,1,17724.0
prof,sub-53,ss01,2,27644.0
prof,sub-53,ss01,3,24578.0
prof,sub-53,ss01,4,17654.0
prof,sub-53,ss01,5,22136.0
prof,sub-53,ss01,6,27212.0
prof,sub-53,ss01,7,6316.0
prof,sub-53,ss01,8,23150.0
prof,sub-53,ss01,9,13114.0
prof,sub-53,ss01,10,15846.0
prof,sub-53,ss01,11,21524.0
prof,sub-53,ss01,12,26034.0
prof,sub-53,ss01,13,27526.0
prof,sub-53,ss01,14,17678.0
prof,sub-53,ss01,15,25444.0
prof,sub-53,ss01,16,26246.0
prof,sub-53,ss01,17,20702.0
prof,sub-53,ss01,18,25638.0
prof,sub-53,ss01,19,23108.0
prof,sub-53,ss01,20,11778.0
prof,sub-53,ss01,21,26510.0
prof,sub-53,ss01,22,7782.0
prof,sub-53,ss01,23,6008.0
prof,sub-53,ss01,24,5560.0
prof,sub-53,ss01,25,11034.0
prof,sub-53,ss01,26,6570.0
prof,sub-53,ss01,27,28692.0
prof,sub-53,ss01,28,13366.0
prof,sub-53,ss01,29,18634.0
prof,sub-53,ss01,30,7194.0
prof,sub-53,ss02,1,53910.0
prof,sub-53,ss02,2,19556.0
prof,sub-53,ss02,3,51330.0
prof,sub-53,ss02,4,17422.0
prof,sub-53,ss02,5,9822.0
prof,sub-53,ss02,6,17328.0
prof,sub-53,ss02,7,29884.0
prof,sub-53,ss02,8,19122.0
prof,sub-53,ss02,9,14354.0
prof,sub-53,ss02,10,25602.0
prof,sub-53,ss02,11,14076.0
prof,sub-53,ss02,12,43528.0
prof,sub-53,ss02,13,13776.0
prof,sub-53,ss02,14,51978.0
prof,sub-53,ss02,15,32932.0
prof,sub-53,ss02,16,32930.0
prof,sub-53,ss02,17,25378.0
prof,sub-53,ss02,18,34180.0
prof,sub-53,ss02,19,43504.0
prof,sub-53,ss02,20,29516.0
prof,sub-53,ss02,21,15250.0
prof,sub-53,ss02,22,20720.0
prof,sub-53,ss02,23,30132.0
prof,sub-53,ss02,24,51452.0
prof,sub-53,ss02,25,18116.0
prof,sub-53,ss02,26,7118.0
prof,sub-53,ss02,27,15382.0
prof,sub-53,ss02,28,18640.0
prof,sub-53,ss02,29,13410.0
prof,sub-53,ss02,30,38432.0
prof,sub-53,ss03,1,20322.0
prof,sub-53,ss03,2,31316.0
prof,sub-53,ss03,3,52006.0
prof,sub-53,ss03,4,30750.0
prof,sub-53,ss03,5,54268.0
prof,sub-53,ss03,6,28994.0
prof,sub-53,ss03,7,37064.0
prof,sub-53,ss03,8,52004.0
prof,sub-53,ss03,9,28030.0
prof,sub-53,ss03,11,28012.0
prof,sub-53,ss03,12,43438.0
prof,sub-53,ss03,13,32256.0
prof,sub-53,ss03,14,31316.0
prof,sub-53,ss03,15,21352.0
prof,sub-53,ss03,16,31846.0
prof,sub-53,ss03,17,43470.0
prof,sub-53,ss03,18,50824.0
prof,sub-53,ss03,19,53878.0
prof,sub-53,ss03,20,24964.0
prof,sub-53,ss03,21,29506.0
prof,sub-53,ss03,22,34946.0
prof,sub-53,ss03,23,30464.0
prof,sub-53,ss03,24,40250.0
prof,sub-53,ss03,25,32486.0
prof,sub-53,ss03,26,43746.0
prof,sub-53,ss03,27,17448.0
prof,sub-53,ss03,28,54476.0
prof,sub-53,ss03,29,54452.0
prof,sub-53,ss03,30,56272.0
prof,sub-54,ss01,1,21888.0
prof,sub-54,ss01,2,12692.0
prof,sub-54,ss01,3,16224.0
prof,sub-54,ss01,4,22634.0
prof,sub-54,ss01,5,13628.0
prof,sub-54,ss01,6,13610.0
prof,sub-54,ss01,7,13716.0
prof,sub-54,ss01,8,24174.0
prof,sub-54,ss01,9,8482.0
prof,sub-54,ss01,10,10216.0
prof,sub-54,ss01,11,18954.0
prof,sub-54,ss01,12,21614.0
prof,sub-54,ss01,13,16690.0
prof,sub-54,ss01,14,10854.0
prof,sub-54,ss01,15,4226.0
prof,sub-54,ss01,16,15304.0
prof,sub-54,ss01,17,21594.0
prof,sub-54,ss01,18,22652.0
prof,sub-54,ss01,19,24926.0
prof,sub-54,ss01,20,14380.0
prof,sub-54,ss01,21,11398.0
prof,sub-54,ss01,22,21348.0
prof,sub-54,ss01,23,22482.0
prof,sub-54,ss01,24,23872.0
prof,sub-54,ss01,25,12422.0
prof,sub-54,ss01,26,11778.0
prof,sub-54,ss01,27,16568.0
prof,sub-54,ss01,28,15096.0
prof,sub-54,ss01,29,23852.0
prof,sub-54,ss01,30,15158.0
prof,sub-54,ss02,1,48586.0
prof,sub-54,ss02,2,35732.0
prof,sub-54,ss02,3,16174.0
prof,sub-54,ss02,4,13966.0
prof,sub-54,ss02,5,20688.0
prof,sub-54,ss02,6,20880.0
prof,sub-54,ss02,7,10286.0
prof,sub-54,ss02,8,31254.0
prof,sub-54,ss02,9,14084.0
prof,sub-54,ss02,10,3858.0
prof,sub-54,ss02,11,13044.0
prof,sub-54,ss02,12,11020.0
prof,sub-54,ss02,13,31908.0
prof,sub-54,ss02,14,42000.0
prof,sub-54,ss02,15,30256.0
prof,sub-54,ss02,16,34692.0
prof,sub-54,ss02,17,28304.0
prof,sub-54,ss02,18,6346.0
prof,sub-54,ss02,19,21886.0
prof,sub-54,ss02,20,10668.0
prof,sub-54,ss02,21,11486.0
prof,sub-54,ss02,22,24240.0
prof,sub-54,ss02,23,7238.0
prof,sub-54,ss02,24,13418.0
prof,sub-54,ss02,25,17018.0
prof,sub-54,ss02,26,24764.0
prof,sub-54,ss02,27,18172.0
prof,sub-54,ss02,28,48730.0
prof,sub-54,ss02,29,34568.0
prof,sub-54,ss02,30,14766.0
prof,sub-54,ss03,1,22280.0
prof,sub-54,ss03,2,10620.0
prof,sub-54,ss03,3,38164.0
prof,sub-54,ss03,4,24664.0
prof,sub-54,ss03,5,53358.0
prof,sub-54,ss03,6,45434.0
prof,sub-54,ss03,7,27280.0
prof,sub-54,ss03,8,11760.0
prof,sub-54,ss03,9,55466.0
prof,sub-54,ss03,10,22466.0
prof,sub-54,ss03,11,7830.0
prof,sub-54,ss03,12,40342.0
prof,sub-54,ss03,13,17736.0
prof,sub-54,ss03,14,37602.0
prof,sub-54,ss03,15,31534.0
prof,sub-54,ss03,16,43086.0
prof,sub-54,ss03,17,39342.0
prof,sub-54,ss03,18,50150.0
prof,sub-54,ss03,19,51244.0
prof,sub-54,ss03,20,22272.0
prof,sub-54,ss03,21,29182.0
prof,sub-54,ss03,22,53000.0
prof,sub-54,ss03,23,21780.0
prof,sub-54,ss03,24,38670.0
prof,sub-54,ss03,25,42176.0
prof,sub-54,ss03,26,43270.0
prof,sub-54,ss03,27,31204.0
prof,sub-54,ss03,28,31146.0
prof,sub-54,ss03,29,51240.0
prof,sub-54,ss03,30,52738.0
prof,sub-62,ss01,1,22588.0
prof,sub-62,ss01,2,21174.0
prof,sub-62,ss01,3,22702.0
prof,sub-62,ss01,4,19758.0
prof,sub-62,ss01,5,16792.0
prof,sub-62,ss01,6,20704.0
prof,sub-62,ss01,7,24398.0
prof,sub-62,ss01,8,16522.0
prof,sub-62,ss01,9,8040.0
prof,sub-62,ss01,10,16804.0
prof,sub-62,ss01,11,20488.0
prof,sub-62,ss01,12,13196.0
prof,sub-62,ss01,13,12674.0
prof,sub-62,ss01,14,23690.0
prof,sub-62,ss01,15,25716.0
prof,sub-62,ss01,16,6302.0
prof,sub-62,ss01,17,24488.0
prof,sub-62,ss01,18,7818.0
prof,sub-62,ss01,19,5912.0
prof,sub-62,ss01,20,10452.0
prof,sub-62,ss01,21,9806.0
prof,sub-62,ss01,22,25322.0
prof,sub-62,ss01,23,25134.0
prof,sub-62,ss01,24,17438.0
prof,sub-62,ss01,25,19372.0
prof,sub-62,ss01,26,25372.0
prof,sub-62,ss01,27,17970.0
prof,sub-62,ss01,28,14224.0
prof,sub-62,ss01,29,21096.0
prof,sub-62,ss01,30,5822.0
prof,sub-62,ss02,1,51438.0
prof,sub-62,ss02,2,51604.0
prof,sub-62,ss02,3,30254.0
prof,sub-62,ss02,4,12566.0
prof,sub-62,ss02,5,11768.0
prof,sub-62,ss02,6,22090.0
prof,sub-62,ss02,7,3710.0
prof,sub-62,ss02,8,15754.0
prof,sub-62,ss02,9,21648.0
prof,sub-62,ss02,10,47658.0
prof,sub-62,ss02,11,11936.0
prof,sub-62,ss02,12,10476.0
prof,sub-62,ss02,13,22528.0
prof,sub-62,ss02,14,46036.0
prof,sub-62,ss02,15,8292.0
prof,sub-62,ss02,16,9638.0
prof,sub-62,ss02,17,19444.0
prof,sub-62,ss02,18,22942.0
prof,sub-62,ss02,19,44446.0
prof,sub-62,ss02,20,10056.0
prof,sub-62,ss02,21,25892.0
prof,sub-62,ss02,23,26060.0
prof,sub-62,ss02,24,11752.0
prof,sub-62,ss02,25,17552.0
prof,sub-62,ss02,26,47652.0
prof,sub-62,ss02,27,30540.0
prof,sub-62,ss02,28,4804.0
prof,sub-62,ss02,29,37616.0
prof,sub-62,ss02,30,9584.0
prof,sub-62,ss03,1,18070.0
prof,sub-62,ss03,2,37294.0
prof,sub-62,ss03,3,32158.0
prof,sub-62,ss03,4,19498.0
prof,sub-62,ss03,6,15368.0
prof,sub-62,ss03,7,14666.0
prof,sub-62,ss03,8,51954.0
prof,sub-62,ss03,9,42788.0
prof,sub-62,ss03,11,24724.0
prof,sub-62,ss03,12,29890.0
prof,sub-62,ss03,13,32256.0
prof,sub-62,ss03,14,12676.0
prof,sub-62,ss03,15,37040.0
prof,sub-62,ss03,16,26762.0
prof,sub-62,ss03,17,29888.0
prof,sub-62,ss03,18,20970.0
prof,sub-62,ss03,19,19822.0
prof,sub-62,ss03,20,31536.0
prof,sub-62,ss03,21,25496.0
prof,sub-62,ss03,23,10626.0
prof,sub-62,ss03,24,7214.0
prof,sub-62,ss03,25,19166.0
prof,sub-62,ss03,26,29720.0
prof,sub-62,ss03,27,24970.0
prof,sub-62,ss03,29,8442.0
prof,sub-62,ss03,30,26656.0
prof,sub-64,ss01,1,24188.0
prof,sub-64,ss01,2,2024.0
prof,sub-64,ss01,3,15878.0
prof,sub-64,ss01,4,13682.0
prof,sub-64,ss01,5,5198.0
prof,sub-64,ss01,6,27140.0
prof,sub-64,ss01,7,7354.0
prof,sub-64,ss01,8,28988.0
prof,sub-64,ss01,9,9494.0
prof,sub-64,ss01,10,5358.0
prof,sub-64,ss01,11,18986.0
prof,sub-64,ss01,12,7570.0
prof,sub-64,ss01,13,15610.0
prof,sub-64,ss01,14,7376.0
prof,sub-64,ss01,15,25816.0
prof,sub-64,ss01,16,13082.0
prof,sub-64,ss01,17,6982.0
prof,sub-64,ss01,18,27124.0
prof,sub-64,ss01,19,9160.0
prof,sub-64,ss01,20,14858.0
prof,sub-64,ss01,21,2866.0
prof,sub-64,ss01,22,25334.0
prof,sub-64,ss01,23,22846.0
prof,sub-64,ss01,24,20912.0
prof,sub-64,ss01,25,11818.0
prof,sub-64,ss01,26,25668.0
prof,sub-64,ss01,27,14150.0
prof,sub-64,ss01,28,6932.0
prof,sub-64,ss01,29,25508.0
prof,sub-64,ss01,30,12412.0
prof,sub-64,ss02,1,32934.0
prof,sub-64,ss02,2,11460.0
prof,sub-64,ss02,3,40548.0
prof,sub-64,ss02,4,28234.0
prof,sub-64,ss02,5,2800.0
prof,sub-64,ss02,6,10314.0
prof,sub-64,ss02,7,58792.0
prof,sub-64,ss02,8,10918.0
prof,sub-64,ss02,9,13310.0
prof,sub-64,ss02,10,25830.0
prof,sub-64,ss02,11,22444.0
prof,sub-64,ss02,12,24416.0
prof,sub-64,ss02,13,7690.0
prof,sub-64,ss02,14,55568.0
prof,sub-64,ss02,15,32992.0
prof,sub-64,ss02,16,31080.0
prof,sub-64,ss02,17,8988.0
prof,sub-64,ss02,18,25568.0
prof,sub-64,ss02,19,13524.0
prof,sub-64,ss02,20,54704.0
prof,sub-64,ss02,21,12004.0
prof,sub-64,ss02,22,58180.0
prof,sub-64,ss02,23,45496.0
prof,sub-64,ss02,24,43092.0
prof,sub-64,ss02,25,42478.0
prof,sub-64,ss02,26,34240.0
prof,sub-64,ss02,27,7518.0
prof,sub-64,ss02,28,25432.0
prof,sub-64,ss02,29,38440.0
prof,sub-64,ss02,30,21700.0
prof,sub-64,ss03,1,12974.0
prof,sub-64,ss03,2,26518.0
prof,sub-64,ss03,3,54660.0
prof,sub-64,ss03,4,41152.0
prof,sub-64,ss03,5,45680.0
prof,sub-64,ss03,6,56690.0
prof,sub-64,ss03,7,37126.0
prof,sub-64,ss03,8,33226.0
prof,sub-64,ss03,9,40060.0
prof,sub-64,ss03,10,30790.0
prof,sub-64,ss03,11,39194.0
prof,sub-64,ss03,12,44480.0
prof,sub-64,ss03,13,19412.0
prof,sub-64,ss03,14,22434.0
prof,sub-64,ss03,15,26836.0
prof,sub-64,ss03,16,32676.0
prof,sub-64,ss03,17,37756.0
prof,sub-64,ss03,18,58734.0
prof,sub-64,ss03,19,48312.0
prof,sub-64,ss03,20,52086.0
prof,sub-64,ss03,21,25744.0
prof,sub-64,ss03,22,14846.0
prof,sub-64,ss03,23,34584.0
prof,sub-64,ss03,24,48396.0
prof,sub-64,ss03,25,33256.0
prof,sub-64,ss03,26,48354.0
prof,sub-64,ss03,27,11156.0
prof,sub-64,ss03,28,58500.0
prof,sub-64,ss03,29,39096.0
prof,sub-64,ss03,30,17294.0
prof,sub-65,ss01,1,4152.0
prof,sub-65,ss01,2,8944.0
prof,sub-65,ss01,3,6112.0
prof,sub-65,ss01,4,24184.0
prof,sub-65,ss01,5,14178.0
prof,sub-65,ss01,6,10046.0
prof,sub-65,ss01,7,20844.0
prof,sub-65,ss01,8,15252.0
prof,sub-65,ss01,9,23050.0
prof,sub-65,ss01,10,24472.0
prof,sub-65,ss01,11,25024.0
prof,sub-65,ss01,12,3572.0
prof,sub-65,ss01,13,23044.0
prof,sub-65,ss01,14,12212.0
prof,sub-65,ss01,15,20252.0
prof,sub-65,ss01,16,20774.0
prof,sub-65,ss01,17,16304.0
prof,sub-65,ss01,18,6050.0
prof,sub-65,ss01,19,21002.0
prof,sub-65,ss01,20,12634.0
prof,sub-65,ss01,21,23958.0
prof,sub-65,ss01,22,24648.0
prof,sub-65,ss01,23,24636.0
prof,sub-65,ss01,24,18264.0
prof,sub-65,ss01,25,13112.0
prof,sub-65,ss01,26,19630.0
prof,sub-65,ss01,27,2410.0
prof,sub-65,ss01,28,9438.0
prof,sub-65,ss01,29,15568.0
prof,sub-65,ss01,30,9314.0
prof,sub-65,ss02,1,45826.0
prof,sub-65,ss02,2,25072.0
prof,sub-65,ss02,3,6198.0
prof,sub-65,ss02,4,6220.0
prof,sub-65,ss02,5,6722.0
prof,sub-65,ss02,6,46662.0
prof,sub-65,ss02,7,16674.0
prof,sub-65,ss02,8,32970.0
prof,sub-65,ss02,9,21298.0
prof,sub-65,ss02,10,45012.0
prof,sub-65,ss02,11,31854.0
prof,sub-65,ss02,12,18478.0
prof,sub-65,ss02,13,7128.0
prof,sub-65,ss02,14,13598.0
prof,sub-65,ss02,15,21772.0
prof,sub-65,ss02,16,31440.0
prof,sub-65,ss02,17,15466.0
prof,sub-65,ss02,18,30268.0
prof,sub-65,ss02,19,48792.0
prof,sub-65,ss02,20,10568.0
prof,sub-65,ss02,21,11288.0
prof,sub-65,ss02,22,15850.0
prof,sub-65,ss02,23,9866.0
prof,sub-65,ss02,24,49838.0
prof,sub-65,ss02,25,7308.0
prof,sub-65,ss02,26,17410.0
prof,sub-65,ss02,27,33658.0
prof,sub-65,ss02,28,40602.0
prof,sub-65,ss02,29,31334.0
prof,sub-65,ss03,1,26480.0
prof,sub-65,ss03,2,45208.0
prof,sub-65,ss03,3,42538.0
prof,sub-65,ss03,4,49860.0
prof,sub-65,ss03,5,38200.0
prof,sub-65,ss03,6,37328.0
prof,sub-65,ss03,7,45940.0
prof,sub-65,ss03,8,51712.0
prof,sub-65,ss03,9,39726.0
prof,sub-65,ss03,10,37374.0
prof,sub-65,ss03,11,41910.0
prof,sub-65,ss03,12,55114.0
prof,sub-65,ss03,13,19100.0
prof,sub-65,ss03,14,30814.0
prof,sub-65,ss03,15,43652.0
prof,sub-65,ss03,16,32622.0
prof,sub-65,ss03,17,56820.0
prof,sub-65,ss03,18,19726.0
prof,sub-65,ss03,19,40946.0
prof,sub-65,ss03,20,14692.0
prof,sub-65,ss03,21,27426.0
prof,sub-65,ss03,22,11886.0
prof,sub-65,ss03,23,23970.0
prof,sub-65,ss03,24,56278.0
prof,sub-65,ss03,25,56246.0
prof,sub-65,ss03,26,22994.0
prof,sub-65,ss03,27,52104.0
prof,sub-65,ss03,28,35542.0
prof,sub-65,ss03,29,58154.0
prof,sub-65,ss03,30,28294.0
prof,sub-66,ss01,1,25788.0
prof,sub-66,ss01,2,25034.0
prof,sub-66,ss01,3,24434.0
prof,sub-66,ss01,4,23962.0
prof,sub-66,ss01,5,21846.0
prof,sub-66,ss01,6,12506.0
prof,sub-66,ss01,7,21562.0
prof,sub-66,ss01,8,25132.0
prof,sub-66,ss01,9,23730.0
prof,sub-66,ss01,10,22092.0
prof,sub-66,ss01,11,22114.0
prof,sub-66,ss01,12,19866.0
prof,sub-66,ss01,13,6788.0
prof,sub-66,ss01,14,22486.0
prof,sub-66,ss01,15,21718.0
prof,sub-66,ss01,16,16014.0
prof,sub-66,ss01,17,21812.0
prof,sub-66,ss01,18,17098.0
prof,sub-66,ss01,19,12378.0
prof,sub-66,ss01,20,25172.0
prof,sub-66,ss01,21,20278.0
prof,sub-66,ss01,22,11080.0
prof,sub-66,ss01,23,23178.0
prof,sub-66,ss01,24,11398.0
prof,sub-66,ss01,25,17960.0
prof,sub-66,ss01,26,25272.0
prof,sub-66,ss01,27,6970.0
prof,sub-66,ss01,28,4952.0
prof,sub-66,ss01,29,22506.0
prof,sub-66,ss01,30,14280.0
prof,sub-66,ss02,1,14798.0
prof,sub-66,ss02,2,33704.0
prof,sub-66,ss02,3,32020.0
prof,sub-66,ss02,4,31626.0
prof,sub-66,ss02,5,22898.0
prof,sub-66,ss02,6,6772.0
prof,sub-66,ss02,7,12764.0
prof,sub-66,ss02,8,31436.0
prof,sub-66,ss02,9,16708.0
prof,sub-66,ss02,10,24724.0
prof,sub-66,ss02,11,32768.0
prof,sub-66,ss02,12,21472.0
prof,sub-66,ss02,13,24218.0
prof,sub-66,ss02,14,21676.0
prof,sub-66,ss02,15,15368.0
prof,sub-66,ss02,16,31504.0
prof,sub-66,ss02,17,19066.0
prof,sub-66,ss02,18,30736.0
prof,sub-66,ss02,19,15766.0
prof,sub-66,ss02,20,25284.0
prof,sub-66,ss02,21,11776.0
prof,sub-66,ss02,22,31896.0
prof,sub-66,ss02,23,11016.0
prof,sub-66,ss02,24,28878.0
prof,sub-66,ss02,25,9648.0
prof,sub-66,ss02,26,46194.0
prof,sub-66,ss02,27,6832.0
prof,sub-66,ss02,28,9620.0
prof,sub-66,ss02,29,6210.0
prof,sub-66,ss02,30,27046.0
prof,sub-66,ss03,1,18786.0
prof,sub-66,ss03,3,24686.0
prof,sub-66,ss03,4,53410.0
prof,sub-66,ss03,5,20178.0
prof,sub-66,ss03,6,18536.0
prof,sub-66,ss03,7,33850.0
prof,sub-66,ss03,8,53596.0
prof,sub-66,ss03,10,12808.0
prof,sub-66,ss03,11,23830.0
prof,sub-66,ss03,12,23534.0
prof,sub-66,ss03,13,19538.0
prof,sub-66,ss03,14,24832.0
prof,sub-66,ss03,15,33710.0
prof,sub-66,ss03,16,24650.0
prof,sub-66,ss03,17,29052.0
prof,sub-66,ss03,18,34952.0
prof,sub-66,ss03,19,37932.0
prof,sub-66,ss03,20,36736.0
prof,sub-66,ss03,21,50274.0
prof,sub-66,ss03,22,15148.0
prof,sub-66,ss03,23,34464.0
prof,sub-66,ss03,24,17244.0
prof,sub-66,ss03,25,46318.0
prof,sub-66,ss03,26,46626.0
prof,sub-66,ss03,27,12202.0
prof,sub-66,ss03,28,37738.0
prof,sub-66,ss03,29,23984.0
prof,sub-66,ss03,30,36972.0
prof,sub-74,ss01,1,26760.0
prof,sub-74,ss01,2,16832.0
prof,sub-74,ss01,3,18442.0
prof,sub-74,ss01,4,25416.0
prof,sub-74,ss01,5,21906.0
prof,sub-74,ss01,6,20092.0
prof,sub-74,ss01,7,21182.0
prof,sub-74,ss01,8,18418.0
prof,sub-74,ss01,9,14792.0
prof,sub-74,ss01,10,21010.0
prof,sub-74,ss01,11,24224.0
prof,sub-74,ss01,12,23654.0
prof,sub-74,ss01,13,18498.0
prof,sub-74,ss01,14,11504.0
prof,sub-74,ss01,15,12404.0
prof,sub-74,ss01,16,24572.0
prof,sub-74,ss01,17,22708.0
prof,sub-74,ss01,18,18908.0
prof,sub-74,ss01,19,23970.0
prof,sub-74,ss01,20,19008.0
prof,sub-74,ss01,21,12412.0
prof,sub-74,ss01,22,15340.0
prof,sub-74,ss01,23,9264.0
prof,sub-74,ss01,24,22598.0
prof,sub-74,ss01,25,17886.0
prof,sub-74,ss01,26,4458.0
prof,sub-74,ss01,27,23652.0
prof,sub-74,ss01,28,12738.0
prof,sub-74,ss01,29,23288.0
prof,sub-74,ss01,30,20958.0
prof,sub-74,ss02,1,46082.0
prof,sub-74,ss02,2,33996.0
prof,sub-74,ss02,3,28926.0
prof,sub-74,ss02,4,44926.0
prof,sub-74,ss02,5,35474.0
prof,sub-74,ss02,6,11644.0
prof,sub-74,ss02,7,26366.0
prof,sub-74,ss02,8,14906.0
prof,sub-74,ss02,9,54008.0
prof,sub-74,ss02,10,17046.0
prof,sub-74,ss02,11,13614.0
prof,sub-74,ss02,12,50342.0
prof,sub-74,ss02,13,46626.0
prof,sub-74,ss02,14,31642.0
prof,sub-74,ss02,15,6706.0
prof,sub-74,ss02,16,26518.0
prof,sub-74,ss02,17,21076.0
prof,sub-74,ss02,18,38294.0
prof,sub-74,ss02,19,31304.0
prof,sub-74,ss02,20,43956.0
prof,sub-74,ss02,21,22886.0
prof,sub-74,ss02,22,54704.0
prof,sub-74,ss02,23,55534.0
prof,sub-74,ss02,24,35376.0
prof,sub-74,ss02,25,50888.0
prof,sub-74,ss02,26,22252.0
prof,sub-74,ss02,27,14896.0
prof,sub-74,ss02,28,9762.0
prof,sub-74,ss02,29,37146.0
prof,sub-74,ss02,30,48250.0
prof,sub-74,ss03,1,47536.0
prof,sub-74,ss03,2,49532.0
prof,sub-74,ss03,3,32632.0
prof,sub-74,ss03,4,26104.0
prof,sub-74,ss03,5,43022.0
prof,sub-74,ss03,6,29644.0
prof,sub-74,ss03,7,53038.0
prof,sub-74,ss03,8,45668.0
prof,sub-74,ss03,9,37136.0
prof,sub-74,ss03,10,55794.0
prof,sub-74,ss03,11,53102.0
prof,sub-74,ss03,12,42164.0
prof,sub-74,ss03,13,58408.0
prof,sub-74,ss03,14,58528.0
prof,sub-74,ss03,15,44638.0
prof,sub-74,ss03,16,10356.0
prof,sub-74,ss03,17,19762.0
prof,sub-74,ss03,18,51152.0
prof,sub-74,ss03,19,26530.0
prof,sub-74,ss03,20,52414.0
prof,sub-74,ss03,21,42022.0
prof,sub-74,ss03,22,51782.0
prof,sub-74,ss03,23,46894.0
prof,sub-74,ss03,24,45078.0
prof,sub-74,ss03,25,51144.0
prof,sub-74,ss03,26,54350.0
prof,sub-74,ss03,27,14680.0
prof,sub-74,ss03,28,11750.0
prof,sub-74,ss03,29,52548.0
prof,sub-74,ss03,30,49902.0
prof,sub-79,ss01,1,13332.0
prof,sub-79,ss01,2,24960.0
prof,sub-79,ss01,3,14130.0
prof,sub-79,ss01,4,20390.0
prof,sub-79,ss01,5,18214.0
prof,sub-79,ss01,6,18694.0
prof,sub-79,ss01,7,15768.0
prof,sub-79,ss01,8,24870.0
prof,sub-79,ss01,9,14932.0
prof,sub-79,ss01,10,28226.0
prof,sub-79,ss01,11,20080.0
prof,sub-79,ss01,12,25376.0
prof,sub-79,ss01,13,10414.0
prof,sub-79,ss01,14,19118.0
prof,sub-79,ss01,15,16216.0
prof,sub-79,ss01,16,27568.0
prof,sub-79,ss01,17,9824.0
prof,sub-79,ss01,18,28178.0
prof,sub-79,ss01,19,18498.0
prof,sub-79,ss01,20,16006.0
prof,sub-79,ss01,21,17642.0
prof,sub-79,ss01,22,16072.0
prof,sub-79,ss01,23,22594.0
prof,sub-79,ss01,24,14314.0
prof,sub-79,ss01,25,19010.0
prof,sub-79,ss01,26,11912.0
prof,sub-79,ss01,27,22318.0
prof,sub-79,ss01,28,14650.0
prof,sub-79,ss01,29,10948.0
prof,sub-79,ss01,30,18908.0
prof,sub-79,ss02,1,28570.0
prof,sub-79,ss02,2,9890.0
prof,sub-79,ss02,3,17612.0
prof,sub-79,ss02,4,23564.0
prof,sub-79,ss02,5,12194.0
prof,sub-79,ss02,6,19328.0
prof,sub-79,ss02,7,31526.0
prof,sub-79,ss02,8,33446.0
prof,sub-79,ss02,9,24098.0
prof,sub-79,ss02,10,25532.0
prof,sub-79,ss02,11,26032.0
prof,sub-79,ss02,12,49368.0
prof,sub-79,ss02,13,20282.0
prof,sub-79,ss02,14,45784.0
prof,sub-79,ss02,15,18422.0
prof,sub-79,ss02,16,21446.0
prof,sub-79,ss02,17,19634.0
prof,sub-79,ss02,18,36250.0
prof,sub-79,ss02,19,28900.0
prof,sub-79,ss02,20,28514.0
prof,sub-79,ss02,21,14534.0
prof,sub-79,ss02,22,10362.0
prof,sub-79,ss02,23,38332.0
prof,sub-79,ss02,24,37240.0
prof,sub-79,ss02,25,21462.0
prof,sub-79,ss02,26,36490.0
prof,sub-79,ss02,27,23566.0
prof,sub-79,ss02,28,8582.0
prof,sub-79,ss02,29,38318.0
prof,sub-79,ss02,30,21732.0
prof,sub-79,ss03,1,35838.0
prof,sub-79,ss03,2,35906.0
prof,sub-79,ss03,3,22966.0
prof,sub-79,ss03,5,51604.0
prof,sub-79,ss03,6,24810.0
prof,sub-79,ss03,7,29928.0
prof,sub-79,ss03,8,37756.0
prof,sub-79,ss03,9,42722.0
prof,sub-79,ss03,11,24456.0
prof,sub-79,ss03,12,23724.0
prof,sub-79,ss03,13,29186.0
prof,sub-79,ss03,14,29076.0
prof,sub-79,ss03,15,30490.0
prof,sub-79,ss03,16,15542.0
prof,sub-79,ss03,17,32018.0
prof,sub-79,ss03,18,30684.0
prof,sub-79,ss03,19,29462.0
prof,sub-79,ss03,20,22080.0
prof,sub-79,ss03,21,43230.0
prof,sub-79,ss03,22,34042.0
prof,sub-79,ss03,23,25814.0
prof,sub-79,ss03,24,37460.0
prof,sub-79,ss03,25,41170.0
prof,sub-79,ss03,26,19274.0
prof,sub-79,ss03,27,23514.0
prof,sub-79,ss03,30,38044.0
